,Name,Type,Price,Disc,SoldItems,Reviews,Ratings
1,4 New Annex Alpha RTX Rough Terrain Tires 33X12.50R20 119Q LRF BSW 33125020,eBay Motors,109040,109040,0,0,0
2,4 Tires Transeagle ST Radial II Steel Belted ST 205/75R15 Load D 8 Ply Trailer,eBay Motors,39517.459,39517.459,0,25,5
3,4 Tires Fullway HP108 215/45ZR17 215/45R17 91W XL A/S All Season Performance,eBay Motors,39244.859,39244.859,0,51,4.9
4,4 NEW Goodtrip GS-07 H/T Tires 225/65R17 102T BSW 2256517 All-Season 225/65-17,eBay Motors,52889.852,52889.852,0,0,0
5,4 New 265/70R17 Ironman All Country AT All Terrain Truck SUV Tires,eBay Motors,73051.348,73051.348,0,9,5
6,4 New 35X12.50R17 F 12 ply Ironman All Country MT Mud Terrain Mud Terrain Tires,eBay Motors,113941.348,113941.348,0,38,4.7
7,4 New 225/65R17 Armstrong Tru-Trac AT Tires 65 17 2256517 All Terrain 560AB A/T,eBay Motors,61062.4,61062.4,0,0,0
8,4 NEW 35x12.50R20 Haida R/T HD878 Tires 35 12.50 20 R20 LRE All / Mud Terrain AT,eBay Motors,135754.8,135754.8,0,0,0
9,2 New Fullway HP108 315/35ZR20 110W XL A/S All Season Performance Tires,eBay Motors,42107.159,42107.159,0,13,4.9
10,4 New 35X12.50R20 F 12 ply Ironman All Country MT Mud Terrain Mud Terrain Tires,eBay Motors,127026.148,127026.148,0,18,4.7
11,4 New 37X12.50R17 F 12 ply Ironman All Country MT Mud Terrain Mud Terrain Tires,eBay Motors,123209.748,123209.748,0,14,4.7
12,2 Tires Firestone Firehawk Indy 500 275/60R15 107S Performance All Season,eBay Motors,39381.159,39381.159,0,45,5
13,4 New 265/75R16 Ironman All Country AT All Terrain Truck SUV Tires,eBay Motors,73051.348,73051.348,0,0,5
14,2 Tires Cooper Cobra Radial G/T 295/50R15 105S A/S All Season,eBay Motors,39926.359,39926.359,0,24,4.9
15,4 Tires Transeagle ST Radial II Steel Belted ST 225/75R15 Load E 10 Ply Trailer,eBay Motors,47013.959,47013.959,0,61,4.8
16,4 New Hi Country HM1 Mud Tires 33X12.5R15 108Q BSW LRC 33125015 33x12.50R15,eBay Motors,107453.468,107453.468,0,0,0
17,4 New 265/70R16 Ironman All Country AT All Terrain Truck SUV Tires,eBay Motors,71415.748,71415.748,0,6,4.8
18,4 (Set) CXV Sport 265/65R18 114T AS A/S All Season (BLEM) Tires,eBay Motors,55191.959,55191.959,0,0,0
19,2 NEW ST205/75R15 10 ply Freedom Hauler Radial Trailer Tires LRE 205 75 15 ST,eBay Motors,21794.37,21794.37,0,0,0
20,4 New 275/55R20 Arroyo Tamarock A/T Load Range XL Tires 275 55 20 2755520,eBay Motors,87232,87232,0,0,0
21,4 New LT285/75R16 E 10 ply Ironman All Country AT All Terrain Truck SUV Tires,eBay Motors,91042.948,91042.948,0,0,5
22,4 NEW 275/65R18 Kenda Klever AT2 KR628 275 65 18 2756518 R18 P275 ALL TERRAIN AT,eBay Motors,108494.8,108494.8,0,0,0
23,4 New Fortune Tormenta M/T FSR310 LT 245/75R16 Load E 10 Ply MT Mud Tires,eBay Motors,72093.159,72093.159,0,0,0
24,4 New 235/75R15 Goodyear Wrangler Trailrunner AT Tires 75R 2357515 R15 75 15 A/T,eBay Motors,55883,55883,0,64,4.8
25,4 Tires Accelera M/T-01 LT 235/75R15 Load C 6 Ply MT Mud,eBay Motors,61052.859,61052.859,0,62,4.9
26,4 Tires Landspider Citytraxx H/P 245/40ZR19 245/40R19 98W XL AS High Performance,eBay Motors,49058.459,49058.459,0,0,0
27,4 New 215/55R17 94W Falken Ziex ZE950 AS 215 55 17 Tires A/S,eBay Motors,49782.212,49782.212,0,0,0
28,4 New 275/60R20  Ironman All Country AT 275 60 20 Tires,eBay Motors,86959.4,86959.4,0,0,5
29,4 New Goodtrip GP-16 All Season Tires 195/65R15 91V SL BSW 1956515 195/65-15,eBay Motors,33317.172,33317.172,0,0,0
30,4 New Thunderer Trac Grip M/T Mud Tires 2857516 285/75-16 285/75R16 10Ply E Load,eBay Motors,110424.808,110424.808,0,285,4.9
31,4 New Goodtrip GR-66 All Season Tires 215/60R16 95H SL BSW 2156016 215/60-16,eBay Motors,39799.6,39799.6,0,0,0
32,4 Tires Fullway HP108 225/45ZR17 94W XL A/S All Season Performance,eBay Motors,43333.859,43333.859,0,27,4.6
33,4 New 205/65R15 Kelly Winter Access Tires 205 65 15 2056515,eBay Motors,34620.2,34620.2,0,0,0
34,2 Tires Fullway HP108 275/40R20 106V XL A/S All Season Performance,eBay Motors,34474.359,34474.359,0,24,4.8
35,4 New Goodyear Assurance Finesse  - 255/50r20 Tires 2555020 255 50 20,eBay Motors,86141.6,86141.6,0,0,5
36,4 New Forceum Octa 225/50R18 99W XL AS A/S High Performance Tires,eBay Motors,50148.859,50148.859,0,0,4.7
37,4 Tires Haida HD617 225/65R17 102T (Studless) Snow Winter,eBay Motors,61870.659,61870.659,0,0,0
38,4 New P215/60R16 Cooper Endeavor All Season 95H BSW 215 60 16 60R16 ,eBay Motors,42798.2,42798.2,0,0,0
39,"4 New Thunderer TRAC GRIP M/T MUD Tires 2657516,265/75/16,26575R16",eBay Motors,98048.768,98048.768,0,127,4.8
40,4 New Forceum Mt 08 Plus  - Lt235x75r15 Tires 2357515 235 75 15,eBay Motors,59410.444,59410.444,0,136,4.9
41,4 Tires Armstrong Blu-Trac HP 245/40R18 97W XL AS A/S High Performance 2017,eBay Motors,47013.959,47013.959,0,0,0
42,4 New 235/75R15 Inch Forceum Plus Mud Tires 2357515 M/T MT 235 75 15 75R R15,eBay Motors,59154.2,59154.2,0,136,4.9
43,4 NEW  LT 285/70R17 Kenda Klever AT2 10 ply KR628 285 70 17 2857017  ALL TERRAIN,eBay Motors,119398.8,119398.8,0,0,0
44,4 NEW 205/55R16 Fullrun F6000 Ultra High Performance Tires 205 55 16 2055516 R16,eBay Motors,36528.4,36528.4,0,0,0
45,4 Tires Fullway HP108 225/50ZR17 225/50R17 98W XL A/S All Season Performance,eBay Motors,45923.559,45923.559,0,51,5
46,2 New Kenda Kaiser KR20A DRIFT/STREET 265/35zr18 Tires 2653518 265 35 18 300AA,eBay Motors,35165.4,35165.4,0,0,5
47,4 Tires Venom Power Terra Hunter X/T 35X12.50R20 Load E 10 Ply Extreme Terrain,eBay Motors,162187.459,162187.459,0,25,4.6
48,2 New Solar 4xs +  - 205/55r16 Tires 2055516 205 55 16,eBay Motors,17263.758,17263.758,0,0,5
49,2 - MICKEY THOMPSON ET STREET S/S DRAG RADIAL DOT TIRES 305/45-17 MT 90000028441,eBay Motors,94592.2,94592.2,0,0,4
50,4 New Forceum Hexa-R 225/45R18 ZR 95Y XL A/S High Performance All Season Tires,eBay Motors,48785.859,48785.859,0,17,4.9
51,4 New Hi Country HM1 Mud Tires 31X10.50R15 109Q BSW LRC 31105015 31x10.5R15,eBay Motors,87488.244,87488.244,0,0,5
52,4 New Hi Country HM1 Mud Tires 285/70R17 121Q BSW LRE 2857017,eBay Motors,107856.916,107856.916,0,0,0
53,ST205/75D15 / 6 Ply Hi Run H180 Trailer Tire (1),eBay Motors,10045.31,10045.31,0,99,4.7
54,4 Tires Fullway HP108 225/40ZR18 225/40R18 92W XL A/S All Season Performance,eBay Motors,44833.159,44833.159,0,0,0
55,4 Lionhart Lionclaw HT 265/70R16 111T All Season Truck Tires 40000 Mile Warranty,eBay Motors,68815.144,68815.144,0,63,4.8
56,4 New LT285/70R17 D Ironman All Country AT All Terrain Truck SUV Tires,eBay Motors,94859.348,94859.348,0,0,0
57,4 Lionhart LIONCLAW ATX2 275/60R20 119H 600AA All Terrain Tires For Truck/SUV,eBay Motors,103435.344,103435.344,0,14,4.8
58,4 Tires Venom Power Terra Hunter X/T 265/70R17 115S Extreme TerrainAll Terrain,eBay Motors,99353.159,99353.159,0,7,4.7
59,4 New Jk Tyre Ux Royale A/s  - 215/60r17 Tires 2156017 215 60 17,eBay Motors,40868.192,40868.192,0,0,0
60,4 New Thunderer Mach III R702 205/40R17 XL 2054017 205 40 17 Performance Tire,eBay Motors,34167.684,34167.684,0,7,5
61,4 NEW 35X12.50R20 Venom Terra Hunter M/T 35 12.50 20 R20 Mud Tires AT MT 10ply,eBay Motors,163532.74,163532.74,0,0,0
62,4 New Hi Country HM1 Mud Tires 285/75R16 126Q BSW LRE 2857516 285 75 16,eBay Motors,99722.532,99722.532,0,0,0
63,4 Tires Landgolden LG27 235/50R18 ZR 101W XL A/S High Performance All Season,eBay Motors,53556.359,53556.359,0,0,0
64,4 New Hi Country HM1 Mud Tires 265/70R17 121Q BSW LRE 2657017 265 70 17,eBay Motors,95175.564,95175.564,0,0,5
65,4 New 31X10.50R15 C Ironman All Country AT All Terrain Truck SUV Tires,eBay Motors,73596.548,73596.548,0,22,4.8
66,4 New Thunderer Trac Grip M/t R408  - Lt285x70r17 Tires 2857017 285 70 17,eBay Motors,99771.6,99771.6,0,44,4.8
67,4 New 245/65R17 Ironman Radial AP Truck SUV All Season Tires,eBay Motors,61602.148,61602.148,0,0,4.8
68,"4  Lionhart Lionclaw ATX2 LT 275/65R20 All Terrain Tires [Load Range E, 10 Ply]",eBay Motors,116247.544,116247.544,0,26,4.8
69,"4 Goodyear Assurance All-Season 205/55R16 91H 600AB 65,000 Mile Warranty Tires",eBay Motors,53017.974,53017.974,0,95,4.7
70,2 New Fullway HP108 245/45R20 ZR 103W XL A/S All Season Performance Tires,eBay Motors,29976.459,29976.459,0,22,4.9
71,4 New 285/45R22 Goodyear Eagle Touring Tires 2854522 45 22 R22 45R Made in USA,eBay Motors,93774.4,93774.4,0,7,5
72,4 Goodyear Wrangler TrailRunner AT All-Terrain 235/75R15 105S M+S Truck Tires,eBay Motors,59287.774,59287.774,0,27,4.9
73,4 Tires Tornel Classic 155/80R13 79S White Wall A/S All Season,eBay Motors,30657.959,30657.959,0,0,0
74,4 New LT265/75R16 E Ironman All Country AT All Terrain Truck SUV Tires,eBay Motors,82319.748,82319.748,0,0,5
75,4 Tires Cooper Discoverer ATP II 265/65R17 112T AT A/T All Terrain,eBay Motors,94991.559,94991.559,0,0,5
76,4 New 33X12.50R20 F 12 ply Ironman All Country MT Mud Terrain Mud Terrain Tires,eBay Motors,116667.348,116667.348,0,12,4.8
77,4 Tires Landspider Citytraxx H/P 235/45ZR18 235/45R18 98W XL AS High Performance,eBay Motors,50421.459,50421.459,0,0,0
78,2 Tires Petlas Velox Sport PT741 305/30ZR20 103W XL High Performance,eBay Motors,44833.159,44833.159,0,0,0
79,2 Tires Firestone Firehawk Indy 500 295/50R15 105S A/S Performance,eBay Motors,39517.459,39517.459,0,27,5
80,4 New Fullway HP108 205/60R16 92H A/S All Season Performance Tires,eBay Motors,40744.159,40744.159,0,0,5
81,4 Goodyear Eagle Touring 285/45R22 114H All Season Performance Tires 500AA New,eBay Motors,92313.264,92313.264,0,0,5
82,4 Lionhart LH-501 185/65R14 86H All Season Traction Performance Passenger Tires,eBay Motors,28606.644,28606.644,0,0,5
83,2 New 245/45ZR20 Arroyo Grand Sport A/S Load Range XL Tires 245 45 20 2454520,eBay Motors,28759.3,28759.3,0,0,5
84,4 Lionhart LH-TEN 255/55R18 109W XL All Season M+S Performance SUV/Pickup Tires,eBay Motors,65952.844,65952.844,0,50,4.9
85,4 New Fullway HP108 245/45R20 ZR 103W XL A/S All Season Performance Tires,eBay Motors,59689.859,59689.859,0,0,5
86,4 Tires Tornel Classic 195/75R14 92S White Wall A/S All Season,eBay Motors,38835.959,38835.959,0,0,0
87,4 New Hi Country HM1 Mud Tires 33X12.50R18 118Q BSW LRE 33125018 33x12.5R18,eBay Motors,130177.404,130177.404,0,0,0
88,1 New Venom Power Ragnarok Zero  - 245/30zr24 Tires 2453024 245 30 24,eBay Motors,16351.911,16351.911,0,0,5
89,1 NEW Kenda Klever S/T KR52 Tire 255/50R20 109V BSW 2555020 255/50-20 50R R20,eBay Motors,6815,6815,0,0,3.7
90,2 Tires Cooper Cobra Radial G/T 255/60R15 102T A/S All Season,eBay Motors,37200.359,37200.359,0,12,4.9
91,4 New Suntek HD Trail + All Steel ST 235/85R16 Load G 14 Ply Trailer Tires,eBay Motors,84360.159,84360.159,0,0,0
92,4 New Americus Rugged Mt  - Lt31x10.50r15 Tires 31105015 31 10.50 15,eBay Motors,80651.436,80651.436,0,0,5
93,4 New 235/65R17 Arroyo Eco Pro H/T Load Range XL Tires 235 65 17 2356517,eBay Motors,53702.2,53702.2,0,0,5
94,4 New 275/65R18 Ironman All Country AT All Terrain Truck SUV Tires,eBay Motors,82864.948,82864.948,0,0,0
95,4 New 255/65R18  Ironman All Country HT 255 65 18 Tires,eBay Motors,69234.948,69234.948,0,0,0
96,4 New 255/60R19  Ironman All Country HT 255 60 19 Tires,eBay Motors,70870.548,70870.548,0,0,5
97,4 New 33X12.50R15 Thunderer TRAC GRIP M/T MUD Tires 33X12.5R15 33125015 3312515,eBay Motors,114034.032,114034.032,0,55,4.9
98,4 Venom Power Terra Hunter X/T 285/70R17 Load E 10 Ply Extreme Terrain Tires,eBay Motors,121297.459,121297.459,0,10,4.9
99,2 Tires Petlas Velox Sport PT741 285/35ZR19 285/35R19 99Y (DT) High Performance,eBay Motors,38159.911,38159.911,0,0,4.5
100,2 Tires Kapsen Rassurer K3000 285/35ZR18 285/35R18 101W XL High Performance,eBay Motors,34883.259,34883.259,0,0,0
101,1 New 35X12.50R17 F 12 ply Ironman All Country MT Mud Terrain Mud Terrain Tire,eBay Motors,28485.337,28485.337,0,38,4.7
102,2 Tires Fullway HP108 215/45ZR17 215/45R17 91W XL A/S All Season Performance,eBay Motors,19753.959,19753.959,0,51,4.9
103,1 New 37X12.50R17 F 12 ply Ironman All Country MT Mud Terrain Mud Terrain Tire,eBay Motors,30802.437,30802.437,0,14,4.7
104,4 New 245/60R18  Ironman All Country HT 245 60 18 Tires,eBay Motors,63782.948,63782.948,0,0,5
105,4 Tires Arroyo Grand Sport A/S 225/55R18 102W XL High Performance,eBay Motors,53965.259,53965.259,0,0,0
106,4 Tires Tornel Classic 205/75R15 97S White Wall A/S All Season,eBay Motors,42107.159,42107.159,0,0,0
107,4 New 245/75R16 Ironman All Country AT All Terrain Truck SUV Tires,eBay Motors,67054.148,67054.148,0,0,5
108,4 New 245/45ZR20 Inch Summit Ultramax HP All-Season Tires 45 20 R20 2454520 45R,eBay Motors,66514.4,66514.4,0,6,4.2
109,4 New 275/60R20  Ironman All Country AT2 275 60 20 Tires,eBay Motors,93332.788,93332.788,0,0,0
110,4 New Goodtrip GR-66 All Season Tires 225/60R16 BW 98V SL 2256016 225/60-16,eBay Motors,40203.048,40203.048,0,0,0
111,Transeagle ST Radial II Steel Belted ST 235/80R16 Load E 10 Ply Trailer Tire,eBay Motors,14847.159,14847.159,0,0,4.5
112,4 Tires Landspider Citytraxx H/P 235/40ZR19 235/40R19 96W XL AS High Performance,eBay Motors,53965.259,53965.259,0,0,0
113,4 New 225/65R17 Bridgestone Alenza AS 02 Tires 65 17 2256517 R17 700AB,eBay Motors,66514.4,66514.4,0,0,0
114,4 New 215/55R17 94H Ironman GR906 215 55 17 Tires,eBay Motors,47426.948,47426.948,0,0,0
115,4 New LT275/65R20 E 10 ply Ironman All Country AT2  275 65 20 Tires,eBay Motors,99766.148,99766.148,0,0,5
116,4 New 245/50R20 102V Ironman iMOVE GEN 3 AS 245 50 20 Tires,eBay Motors,65418.548,65418.548,0,0,5
117,4 New 285/45R22XL Ironman iMOVE GEN2 SUV SUV/Crossover All-Season Tires,eBay Motors,85045.748,85045.748,0,0,0
118,4 X P275 60 20 Milestar Patagonia AT-R All Terrain NEW Tires 275/60R20 540 A A,eBay Motors,95403.185,95403.185,0,0,4
119,4 Tires Farroad FRD866 255/45ZR19 255/45R19 104W XL A/S High Performance,eBay Motors,70593.859,70593.859,0,0,0
120,4 Tires 215/45R17 Fullway HP108 91W XL All Season High Performance,eBay Motors,39244.859,39244.859,0,51,4.9
121,2 NEW 205/55R16 Fullrun F6000 Ultra High Performance Tires 205 55 16 2055516 R16,eBay Motors,18264.2,18264.2,0,0,0
122,4 New 205/55R16 Goodyear Wintercommand Load Range XL Tires 205 55 16 2055516,eBay Motors,49068,49068,0,0,0
123,4 New 235/60R18XL  Ironman All Country HT 235 60 18  Tires,eBay Motors,58330.948,58330.948,0,0,5
124,4 Tires Evoluxx Capricorn 4X4 HP 235/55R18 104V XL All Season M+S,eBay Motors,54510.459,54510.459,0,0,0
125,4 Tires Fullway PC368 225/60R16 98H A/S Performance,eBay Motors,42107.159,42107.159,0,14,5
126,4 Tires Montreal Eco 205/55R16 94V XL A/S All Season,eBay Motors,38835.959,38835.959,0,0,5
127,Set Of 4 Summit UltramaX HP All-Season Tires - 235/40R19 96V,eBay Motors,56897.072,56897.072,0,0,0
128,2 Tires Cooper Cobra Radial G/T 275/60R15 107T A/S All Season,eBay Motors,45747.732,45747.732,0,35,4.8
129,2 Tires Evoluxx Capricorn UHP 275/40R18 103Y XL AS A/S High Performance,eBay Motors,30936.011,30936.011,0,0,0
130,1 New 305/35R24XL Ironman iMOVE GEN2 SUV SUV/Crossover All-Season Tire,eBay Motors,21806.637,21806.637,0,15,5
131,4 Lionhart LIONCLAW ATX2 265/50R20 107T Tires All Terrain On/Off Road Truck SUV,eBay Motors,94303.244,94303.244,0,7,4.9
132,4 Tires Accelera Eco Plush 195/60R15 88H AS All Season A/S,eBay Motors,34746.959,34746.959,0,0,0
133,4 New P 265/70R17 Dunlop AT20 Tires 2657017 265 70 17 R17 70R Factory Take Offs,eBay Motors,74692.4,74692.4,0,0,0
134,4 Fullway HP108 215/50ZR17 215/50R17 95W XL A/S All Season Performance Tires,eBay Motors,44287.959,44287.959,0,16,4.6
135,4 Tires Fullway HP108 245/40ZR18 245/40R18 97W XL A/S All Season Performance,eBay Motors,52465.959,52465.959,0,12,4.9
136,4 New Hi Country HM1 Mud Tires 265/75R16 123Q BSW LRE 2657516 265 75 16,eBay Motors,91882.556,91882.556,0,0,5
137,4 New 225/65R17 Ironman RB SUV SUV/Crossover All-Season Tires,eBay Motors,55059.748,55059.748,0,0,5
138,4 New Fullway HP108 205/70R15 96H A/S All Season Performance Tires,eBay Motors,39926.359,39926.359,0,0,5
139,4 Tires Transeagle ST Radial II Steel Belted ST 205/75R15 Load E 10 Ply Trailer,eBay Motors,44969.459,44969.459,0,0,0
140,4 New 255/70R18  Ironman All Country AT 255 70 18 Tires,eBay Motors,73051.348,73051.348,0,0,4.8
141,Set of (4) New 225/45R17 Arctic Claw Winter TXI 94T - 13/32,eBay Motors,50458.26,50458.26,0,0,0
142,2 New Fullway HP108 225/45ZR18 225/45R18 95W XL A/S All Season Performance Tires,eBay Motors,23166.911,23166.911,0,17,4.7
143,4 Lexani LXTR-203 185/60R15 84H All Season Performance Tires 40000 Mile Warranty,eBay Motors,31877.844,31877.844,0,0,5
144,4 New 245/50R20 102V Ironman iMOVE GEN2 AS High Performance All Season Tires,eBay Motors,64873.348,64873.348,0,0,0
145,4 New Fullway HP108 225/45ZR18 225/45R18 95W XL A/S All Season Performance Tires,eBay Motors,46332.459,46332.459,0,17,4.7
146,4 Tires Fullway HP108 225/35ZR20 93W XL A/S All Season Performance,eBay Motors,47013.959,47013.959,0,14,4.9
147,4 New Fullway HP108 235/65R18 106H A/S All Season Performance Tires,eBay Motors,62688.459,62688.459,0,0,0
148,2 NEW 165 80 15 87T Thunderer Mach I touring tires 60k miles 165/80R15 165R15,eBay Motors,21801.185,21801.185,0,22,4.9
149,2 Lionhart LH-503 225/40ZR18 92W XL All Season High Performance A/S Tires,eBay Motors,23699.844,23699.844,0,39,4.8
150,4 New 215/65R16 98H Ironman GR906 Standard Touring All Season Tires,eBay Motors,45246.148,45246.148,0,0,0
151,4 Tires Petlas Velox Sport PT741 215/55ZR17 215/55R17 98W XL High Performance,eBay Motors,47286.559,47286.559,0,0,0
152,4 New 265/60R18 Ironman RB SUV SUV/Crossover All-Season Tires,eBay Motors,71960.948,71960.948,0,0,5
153,2 Lionhart LH-503 255/35ZR18 94W XL All Season High Performance A/S Tires,eBay Motors,28061.444,28061.444,0,6,4.8
154,4 Tires Tornel Classic 215/75R15 100S A/S All Season,eBay Motors,45378.359,45378.359,0,0,0
155,4 New 205/60R16 Petlas Snow Master W651 Load Range B Tires 205 60 16 2056016,eBay Motors,36255.8,36255.8,0,0,5
156,4 Lionhart LH-501 185/60R14 82H All Season Traction Performance Passenger Tires,eBay Motors,28197.744,28197.744,0,0,5
157,"4 Goodyear Eagle RS-A 205/55R16 89H Tires, All Season, Performance, New, M+S",eBay Motors,49613.2,49613.2,0,135,4.8
158,ST205/75D14 / 6 Ply Hi Run H180 Trailer Tire (1),eBay Motors,9688.204,9688.204,0,70,4.7
159,4 New Jk Tyre Blazze H/t  - 265x75r16 Tires 2657516 265 75 16,eBay Motors,62676.192,62676.192,0,0,0
160,4 Goodyear Assurance All-Season 215/55R17 94H High-Mileage Tires 65k Mi Warranty,eBay Motors,74185.364,74185.364,0,0,5
161,4 New 265/65R17 Accelera Omikron AT Tires 65 17 R17 65R 2656517 A/T All Terrain,eBay Motors,73329.4,73329.4,0,0,4
162,4 New 37X13.50R20 F 12 ply Ironman All Country MT Mud Terrain Mud Terrain Tires,eBay Motors,148288.948,148288.948,0,10,5
163,2 Lionhart Lionclaw HT LT 235/80R17 120/117Q 10-PLY All Season Highway Tires,eBay Motors,37466.144,37466.144,0,8,4.6
164,1 New 265/70R17 Ironman All Country AT All Terrain Truck SUV Tire,eBay Motors,18262.837,18262.837,0,9,5
165,2 New Summit Ultramax HP A/S 225/45R17 XL 2254517 225 45 17 All Season Tire,eBay Motors,21099.24,21099.24,0,0,5
166,4 New 225/60R18 100V Ironman iMOVE GEN2 AS 225 60 18 Tires,eBay Motors,56150.148,56150.148,0,0,5
167,4 New Pirelli Pzero ALL SEASON 235/45R18 2354518 235 45 18,eBay Motors,71655.636,71655.636,0,26,5
168,4 New 245/45ZR20 Arroyo Grand Sport A/S Load Range XL Tires 245 45 20 2454520,eBay Motors,57518.6,57518.6,0,0,5
169,2 Tires Ardent Sport RX6 245/40ZR20 245/40R20 95W AS A/S High Performance,eBay Motors,28618.911,28618.911,0,0,5
170,4 NEW 35x12.50R20 Centennial Dirt Commander M/T Mud Tire MT 35 12.50 20 R20 ,eBay Motors,146658.8,146658.8,0,0,0
171,2 Tires Cooper Cobra Radial G/T 235/70R15 102T A/S All Season,eBay Motors,35292.159,35292.159,0,0,4.2
172,4 New 255/60R19  Ironman RB SUV 255 60 19 Tires,eBay Motors,70870.548,70870.548,0,0,4.8
173,Set of 4 Radial Trailer Tire ST225/75R15 225 75R15 Load Range E 10 Ply,eBay Motors,44977.637,44977.637,0,81,4.9
174,2 Tires Kapsen Rassurer K3000 275/35ZR18 275/35R18 99W XL High Performance,eBay Motors,32020.959,32020.959,0,0,5
175,2 Tires Cooper Cobra Radial G/T 245/60R15 100T A/S All Season,eBay Motors,36109.959,36109.959,0,0,4.8
176,Set Of 4 Summit Trail Climber SUV All-Season Tires - 265/50R20 107V,eBay Motors,77031.308,77031.308,0,0,0
177,4 New 245/60R18  Ironman RB SUV 245 60 18 Tires,eBay Motors,63782.948,63782.948,0,10,4.8
178,4 New 225/60R16 98H Ironman GR906 Standard Touring All Season Tires,eBay Motors,43343.4,43343.4,0,0,0
179,4 New Hankook Dynapro ATM P265/75R16 RF10 265 75 16 AT All Terrain OWL,eBay Motors,88322.4,88322.4,0,0,0
180,4 New 275/45R20XL Ironman iMOVE GEN2 SUV SUV/Crossover All-Season Tires,eBay Motors,66508.948,66508.948,0,0,5
181,4 New Summit Ultramax A/S 235/60R18 2356018 235 60 18 All Season Tire,eBay Motors,58254.62,58254.62,0,0,4
182,2 Tires Fullway PC368 225/60R16 98H A/S Performance,eBay Motors,21116.959,21116.959,0,14,5
183,4 New Hi Country HM1 Mud Tires 35X12.50R20 121Q BSW LRE 35125020 35x12.5R20,eBay Motors,143851.02,143851.02,0,0,4
184,Set Of 4 Waterfall Eco Dynamic All-Season Tires - 205/60R16 92V LRB 4PLY 205 60,eBay Motors,38959.992,38959.992,0,0,0
185,4 New 225/65R17 Firestone All Season Tires 225 65 17 2256517 65R R17 ,eBay Motors,70603.4,70603.4,0,42,4.9
186,2 New Summit Ultramax A/S 195/60R15 1956015 195 60 15 All Season Tire,eBay Motors,16429.602,16429.602,0,0,0
187,1 New LT235/85R16 E Ironman All Country AT All Terrain Truck SUV Tire,eBay Motors,18808.037,18808.037,0,0,4.5
188,4 Bridgestone Dueler H/L Alenza Plus P 275/60R20 114H Tires 80000 Mile Warranty,eBay Motors,100177.774,100177.774,0,0,4
189,4 New 235/55R18  Ironman All Country HT 235 55 18 Tires,eBay Motors,56695.348,56695.348,0,0,0
190,4 New 37X12.50R20 F 12 ply Ironman All Country MT Mud Terrain Mud Terrain Tires,eBay Motors,147198.548,147198.548,0,15,4.9
191,4 New LT 235/75R15 Accelera Omikron AT Tires 75 15 R15 2357515 A/T E 10 Ply,eBay Motors,56973.4,56973.4,0,26,4.6
192,4 New 235/65R18 Ironman RB SUV SUV/Crossover All-Season Tires,eBay Motors,62147.348,62147.348,0,0,4.5
193,4 New Annex Alpha RTX Rough Terrain Tires 33X12.50R20 119Q LRF BSW 33125020,eBay Motors,109040,109040,0,0,0
194,4 Tires Transeagle ST Radial II Steel Belted ST 205/75R15 Load D 8 Ply Trailer,eBay Motors,39517.459,39517.459,0,25,5
195,4 Tires Fullway HP108 215/45ZR17 215/45R17 91W XL A/S All Season Performance,eBay Motors,39244.859,39244.859,0,51,4.9
196,4 NEW Goodtrip GS-07 H/T Tires 225/65R17 102T BSW 2256517 All-Season 225/65-17,eBay Motors,52889.852,52889.852,0,0,0
197,4 New 265/70R17 Ironman All Country AT All Terrain Truck SUV Tires,eBay Motors,73051.348,73051.348,0,9,5
198,4 New 35X12.50R17 F 12 ply Ironman All Country MT Mud Terrain Mud Terrain Tires,eBay Motors,113941.348,113941.348,0,38,4.7
199,4 New 225/65R17 Armstrong Tru-Trac AT Tires 65 17 2256517 All Terrain 560AB A/T,eBay Motors,61062.4,61062.4,0,0,0
200,4 NEW 35x12.50R20 Haida R/T HD878 Tires 35 12.50 20 R20 LRE All / Mud Terrain AT,eBay Motors,135754.8,135754.8,0,0,0
201,2 New Fullway HP108 315/35ZR20 110W XL A/S All Season Performance Tires,eBay Motors,42107.159,42107.159,0,13,4.9
202,4 New 35X12.50R20 F 12 ply Ironman All Country MT Mud Terrain Mud Terrain Tires,eBay Motors,127026.148,127026.148,0,18,4.7
203,4 New 37X12.50R17 F 12 ply Ironman All Country MT Mud Terrain Mud Terrain Tires,eBay Motors,123209.748,123209.748,0,14,4.7
204,2 Tires Firestone Firehawk Indy 500 275/60R15 107S Performance All Season,eBay Motors,39381.159,39381.159,0,45,5
205,4 New 265/75R16 Ironman All Country AT All Terrain Truck SUV Tires,eBay Motors,73051.348,73051.348,0,0,5
206,2 Tires Cooper Cobra Radial G/T 295/50R15 105S A/S All Season,eBay Motors,39926.359,39926.359,0,24,4.9
207,4 Tires Transeagle ST Radial II Steel Belted ST 225/75R15 Load E 10 Ply Trailer,eBay Motors,47013.959,47013.959,0,61,4.8
208,4 New Hi Country HM1 Mud Tires 33X12.5R15 108Q BSW LRC 33125015 33x12.50R15,eBay Motors,107453.468,107453.468,0,0,0
209,4 New 265/70R16 Ironman All Country AT All Terrain Truck SUV Tires,eBay Motors,71415.748,71415.748,0,6,4.8
210,4 (Set) CXV Sport 265/65R18 114T AS A/S All Season (BLEM) Tires,eBay Motors,55191.959,55191.959,0,0,0
211,2 NEW ST205/75R15 10 ply Freedom Hauler Radial Trailer Tires LRE 205 75 15 ST,eBay Motors,21794.37,21794.37,0,0,0
212,4 New 275/55R20 Arroyo Tamarock A/T Load Range XL Tires 275 55 20 2755520,eBay Motors,87232,87232,0,0,0
213,4 New LT285/75R16 E 10 ply Ironman All Country AT All Terrain Truck SUV Tires,eBay Motors,91042.948,91042.948,0,0,5
214,4 NEW 275/65R18 Kenda Klever AT2 KR628 275 65 18 2756518 R18 P275 ALL TERRAIN AT,eBay Motors,108494.8,108494.8,0,0,0
215,4 New Fortune Tormenta M/T FSR310 LT 245/75R16 Load E 10 Ply MT Mud Tires,eBay Motors,72093.159,72093.159,0,0,0
216,4 New 235/75R15 Goodyear Wrangler Trailrunner AT Tires 75R 2357515 R15 75 15 A/T,eBay Motors,55883,55883,0,64,4.8
217,4 Tires Accelera M/T-01 LT 235/75R15 Load C 6 Ply MT Mud,eBay Motors,61052.859,61052.859,0,62,4.9
218,4 Tires Landspider Citytraxx H/P 245/40ZR19 245/40R19 98W XL AS High Performance,eBay Motors,49058.459,49058.459,0,0,0
219,4 New 215/55R17 94W Falken Ziex ZE950 AS 215 55 17 Tires A/S,eBay Motors,49782.212,49782.212,0,0,0
220,4 New 275/60R20  Ironman All Country AT 275 60 20 Tires,eBay Motors,86959.4,86959.4,0,0,5
221,4 New Goodtrip GP-16 All Season Tires 195/65R15 91V SL BSW 1956515 195/65-15,eBay Motors,33317.172,33317.172,0,0,0
222,4 New Thunderer Trac Grip M/T Mud Tires 2857516 285/75-16 285/75R16 10Ply E Load,eBay Motors,110424.808,110424.808,0,285,4.9
223,4 New Goodtrip GR-66 All Season Tires 215/60R16 95H SL BSW 2156016 215/60-16,eBay Motors,39799.6,39799.6,0,0,0
224,4 Tires Fullway HP108 225/45ZR17 94W XL A/S All Season Performance,eBay Motors,43333.859,43333.859,0,27,4.6
225,4 New 205/65R15 Kelly Winter Access Tires 205 65 15 2056515,eBay Motors,34620.2,34620.2,0,0,0
226,2 Tires Fullway HP108 275/40R20 106V XL A/S All Season Performance,eBay Motors,34474.359,34474.359,0,24,4.8
227,4 New Goodyear Assurance Finesse  - 255/50r20 Tires 2555020 255 50 20,eBay Motors,86141.6,86141.6,0,0,5
228,4 New Forceum Octa 225/50R18 99W XL AS A/S High Performance Tires,eBay Motors,50148.859,50148.859,0,0,4.7
229,4 Tires Haida HD617 225/65R17 102T (Studless) Snow Winter,eBay Motors,61870.659,61870.659,0,0,0
230,4 New P215/60R16 Cooper Endeavor All Season 95H BSW 215 60 16 60R16 ,eBay Motors,42798.2,42798.2,0,0,0
231,"4 New Thunderer TRAC GRIP M/T MUD Tires 2657516,265/75/16,26575R16",eBay Motors,98048.768,98048.768,0,127,4.8
232,4 New Forceum Mt 08 Plus  - Lt235x75r15 Tires 2357515 235 75 15,eBay Motors,59410.444,59410.444,0,136,4.9
233,4 Tires Armstrong Blu-Trac HP 245/40R18 97W XL AS A/S High Performance 2017,eBay Motors,47013.959,47013.959,0,0,0
234,4 New 235/75R15 Inch Forceum Plus Mud Tires 2357515 M/T MT 235 75 15 75R R15,eBay Motors,59154.2,59154.2,0,136,4.9
235,4 NEW  LT 285/70R17 Kenda Klever AT2 10 ply KR628 285 70 17 2857017  ALL TERRAIN,eBay Motors,119398.8,119398.8,0,0,0
236,4 NEW 205/55R16 Fullrun F6000 Ultra High Performance Tires 205 55 16 2055516 R16,eBay Motors,36528.4,36528.4,0,0,0
237,4 Tires Fullway HP108 225/50ZR17 225/50R17 98W XL A/S All Season Performance,eBay Motors,45923.559,45923.559,0,51,5
238,2 New Kenda Kaiser KR20A DRIFT/STREET 265/35zr18 Tires 2653518 265 35 18 300AA,eBay Motors,35165.4,35165.4,0,0,5
239,4 Tires Venom Power Terra Hunter X/T 35X12.50R20 Load E 10 Ply Extreme Terrain,eBay Motors,162187.459,162187.459,0,25,4.6
240,2 New Solar 4xs +  - 205/55r16 Tires 2055516 205 55 16,eBay Motors,17263.758,17263.758,0,0,5
241,2 - MICKEY THOMPSON ET STREET S/S DRAG RADIAL DOT TIRES 305/45-17 MT 90000028441,eBay Motors,94592.2,94592.2,0,0,4
242,4 New Forceum Hexa-R 225/45R18 ZR 95Y XL A/S High Performance All Season Tires,eBay Motors,48785.859,48785.859,0,17,4.9
243,4 New Hi Country HM1 Mud Tires 31X10.50R15 109Q BSW LRC 31105015 31x10.5R15,eBay Motors,87488.244,87488.244,0,0,5
244,4 New Hi Country HM1 Mud Tires 285/70R17 121Q BSW LRE 2857017,eBay Motors,107856.916,107856.916,0,0,0
245,ST205/75D15 / 6 Ply Hi Run H180 Trailer Tire (1),eBay Motors,10045.31,10045.31,0,99,4.7
246,4 Tires Fullway HP108 225/40ZR18 225/40R18 92W XL A/S All Season Performance,eBay Motors,44833.159,44833.159,0,0,0
247,4 Lionhart Lionclaw HT 265/70R16 111T All Season Truck Tires 40000 Mile Warranty,eBay Motors,68815.144,68815.144,0,63,4.8
248,4 New LT285/70R17 D Ironman All Country AT All Terrain Truck SUV Tires,eBay Motors,94859.348,94859.348,0,0,0
249,4 Lionhart LIONCLAW ATX2 275/60R20 119H 600AA All Terrain Tires For Truck/SUV,eBay Motors,103435.344,103435.344,0,14,4.8
250,4 Tires Venom Power Terra Hunter X/T 265/70R17 115S Extreme TerrainAll Terrain,eBay Motors,99353.159,99353.159,0,7,4.7
251,4 New Jk Tyre Ux Royale A/s  - 215/60r17 Tires 2156017 215 60 17,eBay Motors,40868.192,40868.192,0,0,0
252,4 New Thunderer Mach III R702 205/40R17 XL 2054017 205 40 17 Performance Tire,eBay Motors,34167.684,34167.684,0,7,5
253,4 NEW 35X12.50R20 Venom Terra Hunter M/T 35 12.50 20 R20 Mud Tires AT MT 10ply,eBay Motors,163532.74,163532.74,0,0,0
254,4 New Hi Country HM1 Mud Tires 285/75R16 126Q BSW LRE 2857516 285 75 16,eBay Motors,99722.532,99722.532,0,0,0
255,4 Tires Landgolden LG27 235/50R18 ZR 101W XL A/S High Performance All Season,eBay Motors,53556.359,53556.359,0,0,0
256,4 New Hi Country HM1 Mud Tires 265/70R17 121Q BSW LRE 2657017 265 70 17,eBay Motors,95175.564,95175.564,0,0,5
257,4 New 31X10.50R15 C Ironman All Country AT All Terrain Truck SUV Tires,eBay Motors,73596.548,73596.548,0,22,4.8
258,4 New Thunderer Trac Grip M/t R408  - Lt285x70r17 Tires 2857017 285 70 17,eBay Motors,99771.6,99771.6,0,44,4.8
259,4 New 245/65R17 Ironman Radial AP Truck SUV All Season Tires,eBay Motors,61602.148,61602.148,0,0,4.8
260,"4  Lionhart Lionclaw ATX2 LT 275/65R20 All Terrain Tires [Load Range E, 10 Ply]",eBay Motors,116247.544,116247.544,0,26,4.8
261,"4 Goodyear Assurance All-Season 205/55R16 91H 600AB 65,000 Mile Warranty Tires",eBay Motors,53017.974,53017.974,0,95,4.7
262,2 New Fullway HP108 245/45R20 ZR 103W XL A/S All Season Performance Tires,eBay Motors,29976.459,29976.459,0,22,4.9
263,4 New 285/45R22 Goodyear Eagle Touring Tires 2854522 45 22 R22 45R Made in USA,eBay Motors,93774.4,93774.4,0,7,5
264,4 Goodyear Wrangler TrailRunner AT All-Terrain 235/75R15 105S M+S Truck Tires,eBay Motors,59287.774,59287.774,0,27,4.9
265,4 Tires Tornel Classic 155/80R13 79S White Wall A/S All Season,eBay Motors,30657.959,30657.959,0,0,0
266,4 New LT265/75R16 E Ironman All Country AT All Terrain Truck SUV Tires,eBay Motors,82319.748,82319.748,0,0,5
267,4 Tires Cooper Discoverer ATP II 265/65R17 112T AT A/T All Terrain,eBay Motors,94991.559,94991.559,0,0,5
268,4 New 33X12.50R20 F 12 ply Ironman All Country MT Mud Terrain Mud Terrain Tires,eBay Motors,116667.348,116667.348,0,12,4.8
269,4 Tires Landspider Citytraxx H/P 235/45ZR18 235/45R18 98W XL AS High Performance,eBay Motors,50421.459,50421.459,0,0,0
270,2 Tires Petlas Velox Sport PT741 305/30ZR20 103W XL High Performance,eBay Motors,44833.159,44833.159,0,0,0
271,2 Tires Firestone Firehawk Indy 500 295/50R15 105S A/S Performance,eBay Motors,39517.459,39517.459,0,27,5
272,4 New Fullway HP108 205/60R16 92H A/S All Season Performance Tires,eBay Motors,40744.159,40744.159,0,0,5
273,4 Goodyear Eagle Touring 285/45R22 114H All Season Performance Tires 500AA New,eBay Motors,92313.264,92313.264,0,0,5
274,4 Lionhart LH-501 185/65R14 86H All Season Traction Performance Passenger Tires,eBay Motors,28606.644,28606.644,0,0,5
275,2 New 245/45ZR20 Arroyo Grand Sport A/S Load Range XL Tires 245 45 20 2454520,eBay Motors,28759.3,28759.3,0,0,5
276,4 Lionhart LH-TEN 255/55R18 109W XL All Season M+S Performance SUV/Pickup Tires,eBay Motors,65952.844,65952.844,0,50,4.9
277,4 New Fullway HP108 245/45R20 ZR 103W XL A/S All Season Performance Tires,eBay Motors,59689.859,59689.859,0,0,5
278,4 Tires Tornel Classic 195/75R14 92S White Wall A/S All Season,eBay Motors,38835.959,38835.959,0,0,0
279,4 New Hi Country HM1 Mud Tires 33X12.50R18 118Q BSW LRE 33125018 33x12.5R18,eBay Motors,130177.404,130177.404,0,0,0
280,1 New Venom Power Ragnarok Zero  - 245/30zr24 Tires 2453024 245 30 24,eBay Motors,16351.911,16351.911,0,0,5
281,1 NEW Kenda Klever S/T KR52 Tire 255/50R20 109V BSW 2555020 255/50-20 50R R20,eBay Motors,6815,6815,0,0,3.7
282,2 Tires Cooper Cobra Radial G/T 255/60R15 102T A/S All Season,eBay Motors,37200.359,37200.359,0,12,4.9
283,4 New Suntek HD Trail + All Steel ST 235/85R16 Load G 14 Ply Trailer Tires,eBay Motors,84360.159,84360.159,0,0,0
284,4 New Americus Rugged Mt  - Lt31x10.50r15 Tires 31105015 31 10.50 15,eBay Motors,80651.436,80651.436,0,0,5
285,4 New 235/65R17 Arroyo Eco Pro H/T Load Range XL Tires 235 65 17 2356517,eBay Motors,53702.2,53702.2,0,0,5
286,4 New 275/65R18 Ironman All Country AT All Terrain Truck SUV Tires,eBay Motors,82864.948,82864.948,0,0,0
287,4 New 255/65R18  Ironman All Country HT 255 65 18 Tires,eBay Motors,69234.948,69234.948,0,0,0
288,4 New 255/60R19  Ironman All Country HT 255 60 19 Tires,eBay Motors,70870.548,70870.548,0,0,5
289,4 New 33X12.50R15 Thunderer TRAC GRIP M/T MUD Tires 33X12.5R15 33125015 3312515,eBay Motors,114034.032,114034.032,0,55,4.9
290,4 Venom Power Terra Hunter X/T 285/70R17 Load E 10 Ply Extreme Terrain Tires,eBay Motors,121297.459,121297.459,0,10,4.9
291,2 Tires Petlas Velox Sport PT741 285/35ZR19 285/35R19 99Y (DT) High Performance,eBay Motors,38159.911,38159.911,0,0,4.5
292,2 Tires Kapsen Rassurer K3000 285/35ZR18 285/35R18 101W XL High Performance,eBay Motors,34883.259,34883.259,0,0,0
293,1 New 35X12.50R17 F 12 ply Ironman All Country MT Mud Terrain Mud Terrain Tire,eBay Motors,28485.337,28485.337,0,38,4.7
294,2 Tires Fullway HP108 215/45ZR17 215/45R17 91W XL A/S All Season Performance,eBay Motors,19753.959,19753.959,0,51,4.9
295,1 New 37X12.50R17 F 12 ply Ironman All Country MT Mud Terrain Mud Terrain Tire,eBay Motors,30802.437,30802.437,0,14,4.7
296,4 New 245/60R18  Ironman All Country HT 245 60 18 Tires,eBay Motors,63782.948,63782.948,0,0,5
297,4 Tires Arroyo Grand Sport A/S 225/55R18 102W XL High Performance,eBay Motors,53965.259,53965.259,0,0,0
298,4 Tires Tornel Classic 205/75R15 97S White Wall A/S All Season,eBay Motors,42107.159,42107.159,0,0,0
299,4 New 245/75R16 Ironman All Country AT All Terrain Truck SUV Tires,eBay Motors,67054.148,67054.148,0,0,5
300,4 New 245/45ZR20 Inch Summit Ultramax HP All-Season Tires 45 20 R20 2454520 45R,eBay Motors,66514.4,66514.4,0,6,4.2
301,4 New 275/60R20  Ironman All Country AT2 275 60 20 Tires,eBay Motors,93332.788,93332.788,0,0,0
302,4 New Goodtrip GR-66 All Season Tires 225/60R16 BW 98V SL 2256016 225/60-16,eBay Motors,40203.048,40203.048,0,0,0
303,Transeagle ST Radial II Steel Belted ST 235/80R16 Load E 10 Ply Trailer Tire,eBay Motors,14847.159,14847.159,0,0,4.5
304,4 Tires Landspider Citytraxx H/P 235/40ZR19 235/40R19 96W XL AS High Performance,eBay Motors,53965.259,53965.259,0,0,0
305,4 New 225/65R17 Bridgestone Alenza AS 02 Tires 65 17 2256517 R17 700AB,eBay Motors,66514.4,66514.4,0,0,0
306,4 New 215/55R17 94H Ironman GR906 215 55 17 Tires,eBay Motors,47426.948,47426.948,0,0,0
307,4 New LT275/65R20 E 10 ply Ironman All Country AT2  275 65 20 Tires,eBay Motors,99766.148,99766.148,0,0,5
308,4 New 245/50R20 102V Ironman iMOVE GEN 3 AS 245 50 20 Tires,eBay Motors,65418.548,65418.548,0,0,5
309,4 New 285/45R22XL Ironman iMOVE GEN2 SUV SUV/Crossover All-Season Tires,eBay Motors,85045.748,85045.748,0,0,5
310,4 X P275 60 20 Milestar Patagonia AT-R All Terrain NEW Tires 275/60R20 540 A A,eBay Motors,95403.185,95403.185,0,0,4
311,4 Tires Farroad FRD866 255/45ZR19 255/45R19 104W XL A/S High Performance,eBay Motors,70593.859,70593.859,0,0,0
312,4 Tires 215/45R17 Fullway HP108 91W XL All Season High Performance,eBay Motors,39244.859,39244.859,0,51,4.9
313,2 NEW 205/55R16 Fullrun F6000 Ultra High Performance Tires 205 55 16 2055516 R16,eBay Motors,18264.2,18264.2,0,0,0
314,4 New 205/55R16 Goodyear Wintercommand Load Range XL Tires 205 55 16 2055516,eBay Motors,49068,49068,0,0,0
315,4 New 235/60R18XL  Ironman All Country HT 235 60 18  Tires,eBay Motors,58330.948,58330.948,0,0,5
316,4 Tires Evoluxx Capricorn 4X4 HP 235/55R18 104V XL All Season M+S,eBay Motors,54510.459,54510.459,0,0,0
317,4 Tires Fullway PC368 225/60R16 98H A/S Performance,eBay Motors,42107.159,42107.159,0,14,5
318,4 Tires Montreal Eco 205/55R16 94V XL A/S All Season,eBay Motors,38835.959,38835.959,0,0,5
319,Set Of 4 Summit UltramaX HP All-Season Tires - 235/40R19 96V,eBay Motors,56897.072,56897.072,0,0,0
320,2 Tires Cooper Cobra Radial G/T 275/60R15 107T A/S All Season,eBay Motors,45747.732,45747.732,0,35,4.8
321,2 Tires Evoluxx Capricorn UHP 275/40R18 103Y XL AS A/S High Performance,eBay Motors,30936.011,30936.011,0,0,0
322,1 New 305/35R24XL Ironman iMOVE GEN2 SUV SUV/Crossover All-Season Tire,eBay Motors,21806.637,21806.637,0,15,5
323,4 Lionhart LIONCLAW ATX2 265/50R20 107T Tires All Terrain On/Off Road Truck SUV,eBay Motors,94303.244,94303.244,0,7,4.9
324,4 Tires Accelera Eco Plush 195/60R15 88H AS All Season A/S,eBay Motors,34746.959,34746.959,0,0,0
325,4 New P 265/70R17 Dunlop AT20 Tires 2657017 265 70 17 R17 70R Factory Take Offs,eBay Motors,74692.4,74692.4,0,0,0
326,4 Fullway HP108 215/50ZR17 215/50R17 95W XL A/S All Season Performance Tires,eBay Motors,44287.959,44287.959,0,16,4.6
327,4 Tires Fullway HP108 245/40ZR18 245/40R18 97W XL A/S All Season Performance,eBay Motors,52465.959,52465.959,0,12,4.9
328,4 New Hi Country HM1 Mud Tires 265/75R16 123Q BSW LRE 2657516 265 75 16,eBay Motors,91882.556,91882.556,0,0,5
329,4 New 225/65R17 Ironman RB SUV SUV/Crossover All-Season Tires,eBay Motors,55059.748,55059.748,0,0,5
330,4 New Fullway HP108 205/70R15 96H A/S All Season Performance Tires,eBay Motors,39926.359,39926.359,0,0,5
331,4 Tires Transeagle ST Radial II Steel Belted ST 205/75R15 Load E 10 Ply Trailer,eBay Motors,44969.459,44969.459,0,0,0
332,4 New 255/70R18  Ironman All Country AT 255 70 18 Tires,eBay Motors,73051.348,73051.348,0,0,4.8
333,Set of (4) New 225/45R17 Arctic Claw Winter TXI 94T - 13/32,eBay Motors,50458.26,50458.26,0,0,0
334,2 New Fullway HP108 225/45ZR18 225/45R18 95W XL A/S All Season Performance Tires,eBay Motors,23166.911,23166.911,0,17,4.7
335,4 Lexani LXTR-203 185/60R15 84H All Season Performance Tires 40000 Mile Warranty,eBay Motors,31877.844,31877.844,0,0,5
336,4 New 245/50R20 102V Ironman iMOVE GEN2 AS High Performance All Season Tires,eBay Motors,64873.348,64873.348,0,0,0
337,4 New Fullway HP108 225/45ZR18 225/45R18 95W XL A/S All Season Performance Tires,eBay Motors,46332.459,46332.459,0,17,4.7
338,4 Tires Fullway HP108 225/35ZR20 93W XL A/S All Season Performance,eBay Motors,47013.959,47013.959,0,14,4.9
339,4 New Fullway HP108 235/65R18 106H A/S All Season Performance Tires,eBay Motors,62688.459,62688.459,0,0,0
340,2 NEW 165 80 15 87T Thunderer Mach I touring tires 60k miles 165/80R15 165R15,eBay Motors,21801.185,21801.185,0,22,4.9
341,2 Lionhart LH-503 225/40ZR18 92W XL All Season High Performance A/S Tires,eBay Motors,23699.844,23699.844,0,39,4.8
342,4 New 215/65R16 98H Ironman GR906 Standard Touring All Season Tires,eBay Motors,45246.148,45246.148,0,0,0
343,4 Tires Petlas Velox Sport PT741 215/55ZR17 215/55R17 98W XL High Performance,eBay Motors,47286.559,47286.559,0,0,0
344,4 New 265/60R18 Ironman RB SUV SUV/Crossover All-Season Tires,eBay Motors,71960.948,71960.948,0,0,5
345,2 Lionhart LH-503 255/35ZR18 94W XL All Season High Performance A/S Tires,eBay Motors,28061.444,28061.444,0,6,4.8
346,4 Tires Tornel Classic 215/75R15 100S A/S All Season,eBay Motors,45378.359,45378.359,0,0,0
347,4 New 205/60R16 Petlas Snow Master W651 Load Range B Tires 205 60 16 2056016,eBay Motors,36255.8,36255.8,0,0,5
348,4 Lionhart LH-501 185/60R14 82H All Season Traction Performance Passenger Tires,eBay Motors,28197.744,28197.744,0,0,5
349,"4 Goodyear Eagle RS-A 205/55R16 89H Tires, All Season, Performance, New, M+S",eBay Motors,49613.2,49613.2,0,135,4.8
350,ST205/75D14 / 6 Ply Hi Run H180 Trailer Tire (1),eBay Motors,9688.204,9688.204,0,70,4.7
351,4 New Jk Tyre Blazze H/t  - 265x75r16 Tires 2657516 265 75 16,eBay Motors,62676.192,62676.192,0,0,0
352,4 Goodyear Assurance All-Season 215/55R17 94H High-Mileage Tires 65k Mi Warranty,eBay Motors,74185.364,74185.364,0,0,5
353,4 New 265/65R17 Accelera Omikron AT Tires 65 17 R17 65R 2656517 A/T All Terrain,eBay Motors,73329.4,73329.4,0,0,4
354,4 New 37X13.50R20 F 12 ply Ironman All Country MT Mud Terrain Mud Terrain Tires,eBay Motors,148288.948,148288.948,0,10,5
355,2 Lionhart Lionclaw HT LT 235/80R17 120/117Q 10-PLY All Season Highway Tires,eBay Motors,37466.144,37466.144,0,8,4.6
356,1 New 265/70R17 Ironman All Country AT All Terrain Truck SUV Tire,eBay Motors,18262.837,18262.837,0,9,5
357,2 New Summit Ultramax HP A/S 225/45R17 XL 2254517 225 45 17 All Season Tire,eBay Motors,21099.24,21099.24,0,0,5
358,4 New 225/60R18 100V Ironman iMOVE GEN2 AS 225 60 18 Tires,eBay Motors,56150.148,56150.148,0,0,5
359,4 New Pirelli Pzero ALL SEASON 235/45R18 2354518 235 45 18,eBay Motors,71655.636,71655.636,0,26,5
360,4 New 245/45ZR20 Arroyo Grand Sport A/S Load Range XL Tires 245 45 20 2454520,eBay Motors,57518.6,57518.6,0,0,5
361,2 Tires Ardent Sport RX6 245/40ZR20 245/40R20 95W AS A/S High Performance,eBay Motors,28618.911,28618.911,0,0,5
362,4 NEW 35x12.50R20 Centennial Dirt Commander M/T Mud Tire MT 35 12.50 20 R20 ,eBay Motors,146658.8,146658.8,0,0,0
363,2 Tires Cooper Cobra Radial G/T 235/70R15 102T A/S All Season,eBay Motors,35292.159,35292.159,0,0,4.2
364,4 New 255/60R19  Ironman RB SUV 255 60 19 Tires,eBay Motors,70870.548,70870.548,0,0,4.8
365,Set of 4 Radial Trailer Tire ST225/75R15 225 75R15 Load Range E 10 Ply,eBay Motors,44977.637,44977.637,0,0,0
366,2 Tires Kapsen Rassurer K3000 275/35ZR18 275/35R18 99W XL High Performance,eBay Motors,32020.959,32020.959,0,0,5
367,2 Tires Cooper Cobra Radial G/T 245/60R15 100T A/S All Season,eBay Motors,36109.959,36109.959,0,0,4.8
368,Set Of 4 Summit Trail Climber SUV All-Season Tires - 265/50R20 107V,eBay Motors,77031.308,77031.308,0,0,0
369,4 New 245/60R18  Ironman RB SUV 245 60 18 Tires,eBay Motors,63782.948,63782.948,0,10,4.8
370,4 New 225/60R16 98H Ironman GR906 Standard Touring All Season Tires,eBay Motors,43343.4,43343.4,0,0,0
371,4 New Hankook Dynapro ATM P265/75R16 RF10 265 75 16 AT All Terrain OWL,eBay Motors,88322.4,88322.4,0,0,0
372,4 New 275/45R20XL Ironman iMOVE GEN2 SUV SUV/Crossover All-Season Tires,eBay Motors,66508.948,66508.948,0,0,5
373,4 New Summit Ultramax A/S 235/60R18 2356018 235 60 18 All Season Tire,eBay Motors,58254.62,58254.62,0,0,4
374,2 Tires Fullway PC368 225/60R16 98H A/S Performance,eBay Motors,21116.959,21116.959,0,14,5
375,4 New Hi Country HM1 Mud Tires 35X12.50R20 121Q BSW LRE 35125020 35x12.5R20,eBay Motors,143851.02,143851.02,0,0,4
376,Set Of 4 Waterfall Eco Dynamic All-Season Tires - 205/60R16 92V LRB 4PLY 205 60,eBay Motors,38959.992,38959.992,0,0,0
377,4 New 225/65R17 Firestone All Season Tires 225 65 17 2256517 65R R17 ,eBay Motors,70603.4,70603.4,0,42,4.9
378,2 New Summit Ultramax A/S 195/60R15 1956015 195 60 15 All Season Tire,eBay Motors,16429.602,16429.602,0,0,0
379,1 New LT235/85R16 E Ironman All Country AT All Terrain Truck SUV Tire,eBay Motors,18808.037,18808.037,0,0,4.5
380,4 Bridgestone Dueler H/L Alenza Plus P 275/60R20 114H Tires 80000 Mile Warranty,eBay Motors,100177.774,100177.774,0,0,4
381,4 New 235/55R18  Ironman All Country HT 235 55 18 Tires,eBay Motors,56695.348,56695.348,0,0,0
382,4 New 37X12.50R20 F 12 ply Ironman All Country MT Mud Terrain Mud Terrain Tires,eBay Motors,147198.548,147198.548,0,15,4.9
383,4 New LT 235/75R15 Accelera Omikron AT Tires 75 15 R15 2357515 A/T E 10 Ply,eBay Motors,56973.4,56973.4,0,26,4.6
384,4 New 235/65R18 Ironman RB SUV SUV/Crossover All-Season Tires,eBay Motors,62147.348,62147.348,0,0,4.5
385,Set Of 4 TPMS Tire Pressure Sensor Genuine For TOYOTA SCION LEXUS OEM 4260706011,eBay Motors,5859.537,5859.537,0,22,4.3
386,4PCS GM OEM TPMS 20923680 Tire Pressure Sensor 315 Mhz for GMC Chevy Buick,eBay Motors,3406.137,3406.137,0,6,5
387,4x TPMS Tire Pressure Monitoring Sensors for Chevy GMC GM OEM 13586335 13598771,eBay Motors,3337.987,3337.987,0,0,0
388,4pcs OEM TPMS Tire Pressure Monitoring Sensors For Chevy GMC 13586335/13598771,eBay Motors,3201.687,3201.687,0,0,0
389,EL-50448 TPMS Reset Tool Relearn Auto Tool Tire Pressure Sensor For GM,eBay Motors,951.374,951.374,0,0,0
390,4x Motorcraft Tire Pressure Sensor for Ford F-150 Explorer Mustang F2GZ-1A189-AB,eBay Motors,8176.637,8176.637,0,0,0
391,ACDELCO TPMS Tire Pressure Monitoring Sensors for Chevy GMC GM OEM 13586335,eBay Motors,6703.234,6703.234,0,31,4.7
392,Ford TPMS19 TPMS Reset Tool Tire Pressure Sensor Training Activation Transmitter,eBay Motors,2043.137,2043.137,0,0,5
393,(4) NEW OEM TPMS Tire Pressure Monitoring Sensors For Chevy GM 13586335/13581558,eBay Motors,2860.937,2860.937,0,6,5
394,4pcs Tire Pressure Monitoring Sensor TPMS for Chevy Silverado 1500 07-18 Equinox,eBay Motors,3133.537,3133.537,0,0,0
395,4 PCS TPMS 315HMZ FOR LEXUS TOYOTA TIRE PRESSURE SENSOR 4260706011#4260733021,eBay Motors,4305.717,4305.717,0,0,0
396,OEM Tire Pressure Sensor TPMS FOR Jeep Wrangler Grand Cherokee Dodge Challenger,eBay Motors,3269.837,3269.837,0,0,0
397,"Tesla Bluetooth TPMS (Tire Pressure Monitor) For All NEW 2021+ Tesla (X,Y,S & 3)",eBay Motors,25215.5,25215.5,0,0,0
398,TPMS Set of 4 Genuine For Ford Motorcraft Tire Pressure Sensor OEM DE8T-1A180-AA,eBay Motors,3678.737,3678.737,0,0,0
399,Set of 4pcs OEM TPMS Tire Pressure Monitoring Sensors For Chevy GMC 13586335 US,eBay Motors,4767.774,4767.774,0,6,5
400,4x TPMS Tire Pressure Monitoring Sensors 315Mhz for Chevy GMC GM OEM 13586335,eBay Motors,3265.748,3265.748,0,0,0
401,4pc NEW OEM 42607-06020 42607-30060 TIRE PRESSUR SENSOR TPMS PMVC010 For Toyota,eBay Motors,4360.237,4360.237,0,0,0
402,4 PCS Honda Tire Pressure Sensor TPMS For CRZ Insight Odyssey Element Civic USA,eBay Motors,8176.637,8176.637,0,0,5
403,✅New OEM PMV-C010 Tire Pressure Sensor TPMS For Toyota Camry Corolla Lexus Scion,eBay Motors,1634.237,1634.237,0,0,0
404,【4PCS】4260733021 TPMS Tire Pressure Monitoring Sensor for TOYOTA SCION LEXUS,eBay Motors,4142.157,4142.157,0,0,0
405,NEW 4PCS For GM ACDELCO TPMS Tire Pressure Monitoring Sensor 13598772 13598771,eBay Motors,3951.337,3951.337,0,10,3.8
406,4 NEW OEM ORIGINAL MERCEDES TIRE PRESSURE MONITORING SENSORS TPMS A0009050030,eBay Motors,6262.985,6262.985,0,0,0
407,(4) TPMS Fit 2014-2018 DODGE RAM 1500 2500 3500 TIRE PRESSURE SENSOR 68249197AA,eBay Motors,6541.037,6541.037,0,0,5
408,(5) NEW OEM 56029398AB 68241067AB CHRYSLER JEEP DODGE TPMS TIRE PRESSURE SENSOR,eBay Motors,3815.037,3815.037,0,17,4.8
409,4pcs NEW TPMS Tire Pressure Sensor FOR Toyota Lexus 42607-33012 ,eBay Motors,17717.637,17717.637,0,10,3.7
410,4pc NEW OEM 42607-06020 42607-30060 TIRE PRESSUR SENSOR TPMS PMVC010  For Toyota,eBay Motors,16354.637,16354.637,0,8,4.9
411,4X TIRE PRESSURE SENSOR TPMS 42607-33021 Fits For Scion Toyota Lexus PMV-107J,eBay Motors,3885.913,3885.913,0,0,0
412,EL-50448 TPMS Reset Tool Relearn Tool Auto Tire Pressure Sensor For GM Vehicles,eBay Motors,1225.337,1225.337,0,76,4.4
413,Set of 4 Genuine For Ford Motorcraft Tire Pressure Sensor TPMS OEM DE8T-1A180-AA,eBay Motors,3678.737,3678.737,0,0,0
414,4Pcs TPMS TIRE PRESSURE SENSOR For Toyota Rav4 Prius Camry Highlander PMV-C010,eBay Motors,4401.127,4401.127,0,0,0
415,4 TPMS Tire Air Pressure Sensors 13581558 22854866 12768826 13598771 20922900 OE,eBay Motors,3815.037,3815.037,0,0,0
416,56029398AB Tire Pressure Sensor TPMS for 2011 2012 2013 Dodge RAM 1500 2500 3500,eBay Motors,3815.037,3815.037,0,17,4.8
417,4 PCS Tire Pressure Monitoring Sensor TPMS for Ford F-150 Lincoln DE8T-1A180-AA,eBay Motors,3133.537,3133.537,0,0,0
418,4PCS ACDelco 13598771 TPMS Tire Pressure Sensors For Buick Chevrolet GM Pontiac,eBay Motors,5859.537,5859.537,0,51,4.5
419,4pc NEW OEM TPMS FOR Toyota 42607-06030  PMV-C015 TS-TY14,eBay Motors,13628.637,13628.637,0,0,0
420,TPMS Tire Pressure Monitoring Sensor Genuine For Ford MOTORCRAFT 9L3Z-1A189-A,eBay Motors,1334.377,1334.377,0,0,0
421,TOYOTA SCION LEXUS TIRE PRESSURE MONITORING SENSOR TPMS PMV-107J 42607-33021,eBay Motors,2037.685,2037.685,0,11,4.8
422,(4) OEM Tire Pressure Sensor TPMS For Mopar Dodge Chrysler Jeep RAM 56029398AB,eBay Motors,7495.137,7495.137,0,0,0
423,09-14 Ford F150 TPMS Tire Pressure Sensors  Set of 4 OEM ,eBay Motors,4089,4089,0,0,0
424,Set of (4) For Ford Motorcraft Tire Pressure Monitoring Sensor TPMS 9L3Z1A189A,eBay Motors,3297.097,3297.097,0,0,5
425,4PCS TPMS Transmitter TIRE PRESSURE SENSOR 42607-0C070 For TOYOTA SIENNA TUNDRA,eBay Motors,4769.137,4769.137,0,0,0
426,4PCS Tire Pressure Monitoring Sensor For ACDELCO 13598771 GM Original Equipment,eBay Motors,4890.444,4890.444,0,0,0
427,4Pcs Tire Pressure Sensor TPMS 40700-1AA0C For Nissan Titan Murano Pathfinder US,eBay Motors,4496.537,4496.537,0,0,0
428,*NEW TOYOTA SIENNA SEQUOIA TUNDRA TIRE PRESSURE MONITOR SENSOR TPMS 42607-0C070,eBay Motors,3678.737,3678.737,0,80,4.3
429,4PCS TPMS Tire Pressure Sensor Genuine For TOYOTA SCION LEXUS OEM 4260706011 USA,eBay Motors,4905.437,4905.437,0,68,4.3
430,Autel TPMS MX-Sensor 315MHz & 433MHz 2 in 1 Auto Tire Pressure Sensor Metal Stem,eBay Motors,3816.4,3816.4,0,0,0
431,(4) NEW OEM FACTORY 42753-SNA-A83 TIRE PRESSURE SENSORS TPMS HONDA,eBay Motors,5787.298,5787.298,0,0,0
432,Fits Ford TPMS19 Reset Tool Tire Pressure Sensor Training Activation Transmitter,eBay Motors,1298.939,1298.939,0,0,0
433,Set of 4 PCS TIRE PRESSURE SENSOR TPMS 13581558 315 MHz TS-GM07 for Buick Chevy,eBay Motors,6010.83,6010.83,0,0,0
434,Set of 4 New 15922396 15920615 GM Original Tire Pressure Monitoring Sensor TPMS,eBay Motors,2806.417,2806.417,0,0,0
435,4PCS TPMS SENSOR 15122618 FOR CHEVY COLORADO GMC CANYON HUMMER H3 H3T,eBay Motors,4512.893,4512.893,0,0,0
436,OEM 15920615 15922396 TPMS Tire Pressure Monitoring Sensor For Chevy GM 13581558,eBay Motors,1634.237,1634.237,0,0,0
437,68249197AA New OEM Mopar Tire Pressure Sensor TPMS Ram Jeep Cherokee 2014-2021,eBay Motors,3400.685,3400.685,0,60,4.8
438,*NEW* FORD MOTORCRAFT  TIRE PRESSURE MONITORING SENSOR TPMS  TPMS 12,eBay Motors,1732.373,1732.373,0,0,0
439,Tire Pressure Sensor F2GT-1A180-AB for Ford F-150 Explorer Mustang Motorcraft US,eBay Motors,2043.137,2043.137,0,0,0
440,For GM 13598771 Original Equipment Tire Pressure Monitoring Sensor TPMS,eBay Motors,1361.637,1361.637,0,0,0
441,4pcs TPMS Tire Pressure Monitoring Sensor ACDELCO 13598771 GM Original Equipment,eBay Motors,3079.017,3079.017,0,0,0
442,EL-50448 TPMS Reset Tool Relearn Auto Tool Tire Pressure Sensor For GM,eBay Motors,952.737,952.737,0,0,0
443,TPMS35 F2GZ-1A189-A Tire Pressure Sensors FOR Ford F-150 Edge Mustang 2015-2021,eBay Motors,1969.535,1969.535,0,0,0
444,4X NEW TPMS PMV-107J 42607-33021 Tire Pressure Sensors For Scion Toyota Lexus,eBay Motors,4087.637,4087.637,0,0,0
445,Set of 4 Genuine For Ford Motorcraft Tire Pressure Sensor TPMS OEM DE8T-1A180-AA,eBay Motors,3133.537,3133.537,0,92,4.3
446,4PCS GM OEM TPMS Tire Pressure Sensor 315 Mhz for GMC Chevy Buick 20923680,eBay Motors,3404.774,3404.774,0,6,5
447,4Pcs TPMS Tire Pressure Sensor 42753-STK-A04 For Honda Pilot Acura RDX MDX,eBay Motors,5041.737,5041.737,0,0,0
448,Set of 4 TIRE PRESSURE SENSOR TPMS 42753-SWA-A53 NEW For Honda Accord CR-V,eBay Motors,4728.247,4728.247,0,0,0
449,*NEW LEXUS GS300/350 TIRE PRESSURE MONITOR SENSOR GX460/470 IS-F ES350 TPMS OEM,eBay Motors,5920.872,5920.872,0,0,5
450,4pcs Genuine For Ford VPG Motorcraft Tire Pressure Sensor OEM DE8T1A180AA TPMS,eBay Motors,2997.237,2997.237,0,0,0
451,*NEW* FOR FORD MOTORCRAFT  TIRE PRESSURE MONITORING SENSOR TPMS,eBay Motors,1348.007,1348.007,0,0,0
452,4Pcs TPMS Tire Pressure Sensor For Nissan Altima Rogue 40700-4CB0B 40700-4CB0A,eBay Motors,4361.6,4361.6,0,0,0
453,4Pcs Tire Pressure Sensor TPMS For Honda CRZ Insight Odyssey Element Civic,eBay Motors,7435.165,7435.165,0,0,0
454,Complete Genuine OEM Hyundai TPMS Tire Pressure Sensor & Service Kit 52933-3X205,eBay Motors,2039.048,2039.048,0,0,5
455,Set of 4 OEM For GM ACDELCO TPMS Tire Pressure Monitoring Sensor 13598772 USPS,eBay Motors,3951.337,3951.337,0,0,4
456,4pcs Tire Pressure Sensor TPMS For Chrysler Jeep Dodge OEM 56029398AB 68241067AB,eBay Motors,3256.207,3256.207,0,0,0
457,Tire Pressure Sensor TPMS For Honda CRZ Insight Odyssey Civic 42753-SNA-A830-M1,eBay Motors,2255.765,2255.765,0,0,0
458,SMART SENSORS TPMS 17-43014,eBay Motors,2385.25,2385.25,0,0,0
459,For Ford TPMS Reset Sensor Programming Training Tool Tire Pressure Monitor,eBay Motors,1628.785,1628.785,0,0,0
460,4PCS TPMS OEM F2GT-1A180-AB TIRE PRESSURE SENSORS FOR FORD F-150 EDGE MUSTANG,eBay Motors,3073.565,3073.565,0,0,0
461,4NEW OEM 56029398AB 68241067AB FOR CHRYSLER JEEP DODGE TPMS TIRE PRESSURE SENSOR,eBay Motors,3678.737,3678.737,0,17,4.8
462,Set of 5 Tire Pressure Sensor TPMS for Dodge Chrysler Jeep RAM 68241067AB 433MHz,eBay Motors,3678.737,3678.737,0,135,4.7
463,4Pcs 13598772 TPMS Tire Pressure Monitoring Sensor for GM Chevy GMC Buick,eBay Motors,3406.137,3406.137,0,0,0
464,4X TPMS Wheel Tire Pressure Sensor 52933-2F000 For Hyundai Accent Kia Sportage,eBay Motors,4463.825,4463.825,0,0,0
465,"21'-22' Tire Pressure Sensor, Wrangler, Jeep,Grand Cherokee, Gladiator, Wagoneer",eBay Motors,3133.537,3133.537,0,0,5
466,1 NEW OEM ORIGINAL MERCEDES TIRE PRESSURE MONITORING SENSOR TPMS A0009050030,eBay Motors,2037.685,2037.685,0,0,0
467,New OEM TPMS Tire Pressure Sensor for Hyundai KIA pn: 52933-D4100,eBay Motors,2370.257,2370.257,0,26,4.9
468,4pc NEW TIRE PRESSURE SENSORS FOR TOYOTA SIENNA TUNDRA SEQUOIA 42607-0C070,eBay Motors,14991.637,14991.637,0,0,0
469,OEM PMV-C010 Tire Pressure Sensor TPMS Fit For Toyota Camry Corolla Lexus Scion,eBay Motors,1634.237,1634.237,0,0,4.2
470,TPMS Tire Pressure Sensor for Toyota Tacoma Prius Venza Corolla OEM 42607-33021,eBay Motors,1838.687,1838.687,0,0,0
471,13528566 Tire Pressure Sensor TPMS 315 Mhz OEM GM 2017-19 Silverado Sierra,eBay Motors,2724.637,2724.637,0,0,5
472,(4) pcs New TPMS Tire Pressure Monitoring Sensors for Chevy GMC GM OEM 13586335,eBay Motors,3337.987,3337.987,0,13,4.1
473,OEM 42607-0C070 TPMS Tire Pressure Monitor Sensors For Toyota Sienna Tundra,eBay Motors,1688.757,1688.757,0,0,0
474,"2021-2022 Tesla Bluetooth Tpms Sensor x 4, NEW, Oem, Model 3, Y, S, X",eBay Motors,35438,35438,0,0,0
475,4Pcs 42753SNAA83 TPMS Tire Pressure Monitoring Sensor for HONDA CIVIC CR-Z FIT,eBay Motors,3951.337,3951.337,0,0,0
476,Genuine Factory OEM Hyundai Kia TPMS Tire Pressure Sensor 52933-2M000,eBay Motors,1221.248,1221.248,0,0,5
477,42753-SWA-315 SET of 4 OEM Honda Tire Pressure Sensor 2007-12 Honda CR-V Accord,eBay Motors,5450.637,5450.637,0,0,5
478,"(4) NEW OEM F2GT-1A189-AB  TIRE PRESSURE SENSORS 2015-2018 F-150, EDGE, MUSTANG",eBay Motors,5787.298,5787.298,0,0,0
479,TPMS Tire Pressure Sensor 42607-33021 for Toyota Prius 4Runner Lexus ES350,eBay Motors,1812.79,1812.79,0,0,0
480,SET(4) TIRE PRESSURE SENSOR TPMS for 2014-2020 RAM 1500 2014-2018 RAM 2500 3500,eBay Motors,4084.911,4084.911,0,0,5
481,TPMS Tire Pressure Sensor For Honda Ridgeline Pilot  Odyssey Acura 42753-SHJ-A53,eBay Motors,5563.766,5563.766,0,0,4.5
482,Brand New Set of Four (4) OEM GENUINE BMW TPMS 2015-2017 M3 M4 F30/F32 F80/F82,eBay Motors,21806.637,21806.637,0,0,5
483,(4) HC3T-1A180-AB TIRE PRESSURE SENSOR TPMS For FORD F-250 SUPER DUTY FUSION,eBay Motors,4360.237,4360.237,0,0,0
484,Autel TPMS MX-Sensor 315MHz & 433MHz 2 in 1 Auto Metal StemTire Pressure Sensor,eBay Motors,3816.4,3816.4,0,0,0
485,(4) - GENUINE GM TPMS SENSORS OEM TPMS 2019 - 2022 Silverado Sierra 1500 2500,eBay Motors,5445.185,5445.185,0,0,0
486,4 GM TIRE PRESSURE SENSORS OEM TPMS 2019-2022 Silverado Sierra 1500 13528563,eBay Motors,6813.637,6813.637,0,0,0
487,GM 13598771 Original Equipment Tire Pressure Monitoring Sensor TPMS LOT OF 4,eBay Motors,3269.837,3269.837,0,92,4.3
488,4 pack TPMS Tire Pressure Monitoring Sensors For Chevy GMC GM OEM 13586335,eBay Motors,3064.024,3064.024,0,0,0
489,5pcs TPMS TIRE PRESSURE SENSORS OEM 4260733021 PMV-107J For Toyota Scion Lexus,eBay Motors,6949.937,6949.937,0,22,4.3
490,4X New 42607-33021 TPMS Tire Pressure Sensors PMV-107J For Scion Toyota Lexus,eBay Motors,4867.273,4867.273,0,0,0
491,4Pack OEM FOR MERCEDES TIRE PRESSURE MONITORING SENSORS TPMS A0009050030 SET USA,eBay Motors,4770.5,4770.5,0,0,5
492,Set (4) TIRE PRESSURE SENSOR TPMS For Honda CR-Z Insight Odyssey Element Civic,eBay Motors,4496.537,4496.537,0,0,0
493,4X Tire Pressure Sensor TPMS For Ford Explorer Escape Lincoln MKZ 6L2A-1A176-AF,eBay Motors,6404.737,6404.737,0,0,0
494,4x TIRE PRESSURE SENSOR OEM 13528563 TPMS for GM Chevy Silverado Sierra 19-22,eBay Motors,4424.298,4424.298,0,0,0
495,4PCS GM OEM Tire Air Pressure Sensors TPMS 20923680 For Buick Cadillac Chevy US,eBay Motors,3542.437,3542.437,0,6,5
496,13528566 Set of 4 Tire Pressure Sensor TPMS 315 Mhz 2017-19 Silverado Sierra,eBay Motors,10084.837,10084.837,0,0,5
497,4 pcs TPMS Tire Air Pressure Sensor 4260733021 for Toyota 4Runner Lexus LS460,eBay Motors,5859.537,5859.537,0,68,4.3
498,4X TPMS Wheel Tire Pressure Sensor 52933-2F000 For Hyundai Accent Kia Sportage,eBay Motors,4463.825,4463.825,0,0,0
499,(4) NEW OEM ORIGINAL 2014-2021 JEEP DODGE RAM TIRE SENSOR MONITOR TPMS  ,eBay Motors,5184.852,5184.852,0,0,0
500,For FORD TPMS19 Reset Tool Tire Pressure Sensor Training Activation Transmitter,eBay Motors,1969.535,1969.535,0,0,0
501,Set (4) Tire Pressure Sensor TPMS 315MHz for Jeep Dodge Chrysler 56029479AB,eBay Motors,4019.487,4019.487,0,0,0
502,4pcs New 13598771 GM Original Equipment Tire Pressure Monitoring Sensor TPMS,eBay Motors,3133.537,3133.537,0,0,0
503,Set of 4 BMW TPM109A TPMS Sensor Tire Pressure Monitoring System Sensor for BMW,eBay Motors,8994.437,8994.437,0,0,5
504,4PCS TPMS Tire Pressure Monitoring Sensor For Hyundai Sonata Kia Optima Sorento,eBay Motors,4354.785,4354.785,0,0,0
505,Lexus ES350 (2007-2012) OEM Genuine TIRE PRESSURE (TPMS) SENSOR 42607-33022,eBay Motors,10222.5,10222.5,0,0,5
506,1PCS OEM F2GT-1A189-AB TIRE PRESSURE SENSORS 2015-2018 F-150 EDGE MUSTANG TPMS35,eBay Motors,2588.337,2588.337,0,0,0
507,TPMS-12 For Ford OEM MOTORCRAFT TIRE PRESSURE MONITORING SENSOR 9L3Z-1A189-A,eBay Motors,2724.637,2724.637,0,0,0
508,42753-SWA-A53 Set of 4 For Honda CR-V Accord Fit TPMS Wheel Tire Pressure Sensor,eBay Motors,4596.036,4596.036,0,0,0
509,TPMS For Chrysler 200 Dodge Durango 2015-19 Tire Pressure Sensor 433MHz US 4pcs ,eBay Motors,4416.12,4416.12,0,0,0
510,Brand New 4 PCS Tire Pressure Monitoring Sensors A0009050030 TPMS for Benz C300,eBay Motors,14693.14,14693.14,0,0,0
511,4pc New OEM Tire Pressure Monitor Sensor TPMS  13598772,eBay Motors,7905.4,7905.4,0,24,4.4
512,4X  TPMS for 2007 Ford F-150 - Tire Pressure Sensor Factory Original,eBay Motors,6813.637,6813.637,0,0,0
513," NEW OEM F2GT-1A189-AB  TIRE PRESSURE SENSOR 2015-2018 F-150, EDGE, MUSTANG",eBay Motors,1732.373,1732.373,0,0,0
514,(4) Tire Pressure Sensor TPMS For 2008-2012 Honda Accord Alloy Wheels,eBay Motors,4996.758,4996.758,0,0,0
515,4PCS Tire Pressure Sensor Fits For Honda Pilot 2009-2015 For Acura MDX/TSX/RDX,eBay Motors,4725.521,4725.521,0,0,0
516,TPMS Tire Pressure Sensor Monitor For Jeep Commander Compass Grand Cherokee,eBay Motors,1770.537,1770.537,0,17,4.5
517,4pcs TPMS Tire Pressure Sensor for 2008-20 Dodge Challenger SRT 56029400AD,eBay Motors,6258.896,6258.896,0,0,4.6
518,4x TIRE PRESSURE SENSOR OEM TPMS 42753-STK-A04 For Honda Pilot Acura RDX MDX TSX,eBay Motors,5585.574,5585.574,0,0,5
519,4x TPMS TIRE PRESSURE SENSOR OEM 40700-1AA0B For Nissan Maxima Altima Infiniti,eBay Motors,6198.924,6198.924,0,0,0
520,Genuine OEM Toyota Lexus 42607-33022 TPMS Tire Pressure Sensor,eBay Motors,9678.663,9678.663,0,0,5
521,Autel TPMS MX-Sensor 315MHz 433MHz Universal Programmable Tire Pressure Sensors,eBay Motors,3816.4,3816.4,0,24,4.8
522,4 x TPMS Tire Pressure Monitoring Sensor For  2008-2015 Honda Civic 1.8L 2.4L,eBay Motors,5858.174,5858.174,0,0,5
523,4PCS TPMS Transmitter 52933-C1100 TIRE PRESSURE SENSOR 433MHz For Hyundai Kia,eBay Motors,3406.137,3406.137,0,0,0
524,4Pcs 56029527AA Tire Pressure Sensor For 2008-2012 Chrysler Town & Country,eBay Motors,5178.037,5178.037,0,0,5
525,New 4 PCS Tire Pressure Monitoring Sensors A0009050030 TPMS for Benz C300 ,eBay Motors,13493.7,13493.7,0,32,4.4
526,Set(4) TPMS For Chrysler 200 Dodge Durango 2015-19 Tire Pressure Sensor 433MHz,eBay Motors,4074.007,4074.007,0,0,0
527,Set of 4 TPMS Tire Pressure Sensor 28103SG000 for Subaru Forester Impreza WRX,eBay Motors,3768.695,3768.695,0,0,0
528,Set of (4) 36106790054 TIRE PRESSURE SENSOR TPMS OEM For BMW Mini 433MHz TS-BM03,eBay Motors,5178.037,5178.037,0,0,0
529,x4 U-Pro Hybrid 2.0 TPMS Tire Pressure Sensor for 2017-19 Nissan Rogue Sport,eBay Motors,12670.448,12670.448,0,0,0
530,ThinkCar G2 Car Programming Diagnostic Tire Pressure Monitor System Tool TPMS,eBay Motors,14881.234,14881.234,0,0,0
531,4PCS TPMS SENSOR FOR PORSCHE 911 997 BOXSTER GARERRA CAYENNE GT CAYMAN 433MHz,eBay Motors,8988.985,8988.985,0,0,0
532,4pcs TPMS For Chrysler 200 Dodge Durango 2015-19 Tire Pressure Sensor 433MHz US,eBay Motors,4286.635,4286.635,0,0,0
533,Set of 4 PRO TIRE PRESSURE SENSOR TPMS OEM 40700 3AN0A For Nissan Versa 315MHz,eBay Motors,4054.925,4054.925,0,0,0
534,Set of 4 OEM Tire Pressure Sensor TPMS DE8T-1A180-AA TPMS For Ford Motorcraft,eBay Motors,3474.287,3474.287,0,0,0
535,SET OF 4 - OEM Mercedes Benz Tire Pressure Sensor TPMS -19 - 22 A/B//E/S/GOE,eBay Motors,6808.185,6808.185,0,0,5
536,Tire Pressure Sensors TPMS 2015-2018 For Ford Edge F-150 Mustang F2GT-1A180-AB,eBay Motors,3951.337,3951.337,0,0,5
537,4Pcs Tire Pressure Sensor TPMS For BMW E82 E90 E60 E66 F10 X3 X5 X6 Z4 433MHz,eBay Motors,4360.237,4360.237,0,0,0
538,Set (4) 68293199AA OEM TPMS For 2019 Dodge Ram 1500 DT Tire Pressure Sensor NEW,eBay Motors,4082.185,4082.185,0,0,0
539,NEW OEM F2GT-1A189-AB TIRE PRESSURE SENSORS 2015-2018 F-150 EDGE MUSTANG TPMS35,eBay Motors,3644.662,3644.662,0,0,0
540,4Pc 56029398AB TPMS Tire Pressure Monitoring Sensor for DODGE RAM CHRYSLER Metal,eBay Motors,3125.359,3125.359,0,0,0
541,Tire Pressure Sensors TPMS 433MHz 7PP907275F For Audi A4 A6 A8 Vw Porsche 911,eBay Motors,5859.537,5859.537,0,0,0
542,Brand New Set of Four (4) OEM Genuine TPMS RDK RDC for Audi Q7 (5Q0907275B),eBay Motors,16354.637,16354.637,0,0,5
543,Set of Four (4) OEM Genuine BMW TPMS for G05 X5 2018 2019 2020,eBay Motors,13628.637,13628.637,0,6,5
544,Schrader EZ-sensor 12-pack Universal Programmable TPMS Sensor 315 & 433 MHZ,eBay Motors,38164,38164,0,30,4.5
545,4x Tire Pressure Sensor 315MHz TPMS For 2005-2009 Corvette C5 C6 7.0,eBay Motors,5636.005,5636.005,0,0,0
546,OEM Tire Pressure Monitoring Sensor TPMS For Chevy GM Buick 15920615 13581558,eBay Motors,1634.237,1634.237,0,0,0
547,4PCS 40700-3JA0B Tire Pressure Sensor TPMS For Nissan Altima Murano Pathfinder,eBay Motors,3132.174,3132.174,0,0,5
548,SET (4) 36106790054 TPMS TIRE PRESSURE MONITOR SENSOR For BMW X3 X5 Z4 MINI,eBay Motors,4815.479,4815.479,0,0,0
549,Set Of 4pcs Tire Pressure Sensor TPMS 433MHz OEM 13598773 For GM Buick Chevy GMC,eBay Motors,3407.5,3407.5,0,0,0
550,Xtra Seal TPMS 17-43041 (17-43011 43012) Smart Sensor Multi Frequency Snap In ,eBay Motors,3755.065,3755.065,0,0,0
551,MORESENSOR Pre-programmed TPMS Sensor 433MHz for Audi BMW MINI Porsche Tesla VW,eBay Motors,1906.837,1906.837,0,0,0
552,4x TIRE PRESSURE SENSOR OEM TPMS 42607-33021 For Toyota Lexus Scion PMV-107J,eBay Motors,5381.124,5381.124,0,0,5
553,OEM For TOYOTA LEXUS OEM Tire Pressure Monitoring Sensor TPM 42607-33021,eBay Motors,1920.467,1920.467,0,0,0
554,4Pcs15122618 TPMS Tire Pressure Sensor For Chevy Colorado GMC Canyon Hummer NEW,eBay Motors,5028.107,5028.107,0,0,0
555,Complete Genuine OEM Mercedes-Benz Smart TPMS Tire Pressure Sensor A0055423718,eBay Motors,5616.923,5616.923,0,0,5
556,TPMS Tire Pressure Monitoring Sensor For 2007-2020 Toyota Tundra Sequoia Sienna,eBay Motors,5178.037,5178.037,0,0,0
557,New Tire Pressure Sensor 433MHz 4pcs TPMS For Chrysler 200 Dodge Durango 2015-19,eBay Motors,4560.598,4560.598,0,0,0
558,5PCS TPMS Tire Pressure Sensors 4260733021 for Lexus ES350 GX470 Prius 4Runner,eBay Motors,6992.19,6992.19,0,0,0
559,Set of 4 OEM Genuine for Ford Motorcraft Tire Pressure Sensor DE8T-1A180-AA TPMS,eBay Motors,3815.037,3815.037,0,0,0
560,4PC 315MHz MORESENSOR TPMS Clamp-in Tire Sensor for Toyota 4260706030 4260748010,eBay Motors,12144.33,12144.33,0,0,5
561,4 Pcs 4260733021 TPMS Tire Pressure Monitoring Sensor for TOYOTA SCION LEXUS,eBay Motors,4496.537,4496.537,0,0,0
562,4 NEW OEM FOR MERCEDES TIRE PRESSURE MONITORING SENSORS TPMS A0009050030,eBay Motors,4905.437,4905.437,0,30,4.3
563,Tire Pressure Sensor TPMS 4PCS For 2016-2020 Toyota Tacoma Alloy Wheels 315MHz,eBay Motors,5160.318,5160.318,0,0,0
564,4x OEM 36236798726 TPMS Tire Pressure Sensor For Mini Cooper BMW 328i 528i 535i,eBay Motors,5650.998,5650.998,0,0,0
565,4pcs TPMS Tire Pressure Monitor Sensors TPMS for Subaru Impreza Legacy WRX STi,eBay Motors,3800.044,3800.044,0,0,0
566,TPMS Tire Pressure Sensor For Toyota Sienna Tundra Sequoia 42607-0C070 OEM,eBay Motors,2043.137,2043.137,0,17,4.9
567,(4) OEM TPMS TIRE PRESSURE SENSORS 2021 TAHOE SUBURBAN YUKON ESCALADE 13533166,eBay Motors,4770.5,4770.5,0,0,0
568,(5)  OEM 56029398AB 68241067AB FOR CHRYSLER JEEP DODGE TPMS TIRE PRESSURE SENSOR,eBay Motors,3830.03,3830.03,0,17,4.8
569,FOR FORD MOTORCRAFT SET OF 4 TIRE PRESSURE MONITORING SENSORS TPMS DE8T-1A180-AA,eBay Motors,3815.037,3815.037,0,0,0
570,(4) NEW TIRE PRESSURE SENSORS TOYOTA SIENNA TUNDRA SEQUOIA 42607-0C070,eBay Motors,5555.588,5555.588,0,80,4.3
571,4PCS Tire Pressure Sensor TPMS 315Mhz for 2017-18 GM Silverado Sierra 13516164,eBay Motors,3883.187,3883.187,0,0,0
572,1PCS TPMS Tire Pressure Sensor 40700-3JA0B For Nissan Altima Murano Pathfinder,eBay Motors,1797.797,1797.797,0,0,0
573,(4) TPMS Tire Pressure Sensors for 2008 2009 2010 2011 2012 Honda Accord ,eBay Motors,10215.685,10215.685,0,193,4.8
574,Set of 4 For Hyundai Kia TIRE PRESSURE SENSOR TPMS 52933-3X205 315 MHz SET-TS52,eBay Motors,5312.974,5312.974,0,0,0
575,TPMS OEM F2GZ-1A189-A 4 Tire Pressure Sensors 15-20 for Ford F-150 Edge Mustang,eBay Motors,3201.687,3201.687,0,17,4.9
576,Set of 4 OEM 42607-0C070 TPMS Tire Pressure Monitor Sensors For Toyota,eBay Motors,4516.982,4516.982,0,9,3.6
577,4 New Annex Alpha RTX Rough Terrain Tires 33X12.50R20 119Q LRF BSW 33125020,eBay Motors,109040,109040,0,0,0
578,4 Tires Transeagle ST Radial II Steel Belted ST 205/75R15 Load D 8 Ply Trailer,eBay Motors,39517.459,39517.459,0,25,5
579,4 Tires Fullway HP108 215/45ZR17 215/45R17 91W XL A/S All Season Performance,eBay Motors,39244.859,39244.859,0,51,4.9
580,4 NEW Goodtrip GS-07 H/T Tires 225/65R17 102T BSW 2256517 All-Season 225/65-17,eBay Motors,52889.852,52889.852,0,0,0
581,4 New 265/70R17 Ironman All Country AT All Terrain Truck SUV Tires,eBay Motors,73051.348,73051.348,0,9,5
582,4 New 35X12.50R17 F 12 ply Ironman All Country MT Mud Terrain Mud Terrain Tires,eBay Motors,113941.348,113941.348,0,38,4.7
583,4 New 225/65R17 Armstrong Tru-Trac AT Tires 65 17 2256517 All Terrain 560AB A/T,eBay Motors,61062.4,61062.4,0,0,0
584,4 NEW 35x12.50R20 Haida R/T HD878 Tires 35 12.50 20 R20 LRE All / Mud Terrain AT,eBay Motors,135754.8,135754.8,0,0,0
585,2 New Fullway HP108 315/35ZR20 110W XL A/S All Season Performance Tires,eBay Motors,42107.159,42107.159,0,13,4.9
586,4 New 35X12.50R20 F 12 ply Ironman All Country MT Mud Terrain Mud Terrain Tires,eBay Motors,127026.148,127026.148,0,18,4.7
587,4 New 37X12.50R17 F 12 ply Ironman All Country MT Mud Terrain Mud Terrain Tires,eBay Motors,123209.748,123209.748,0,14,4.7
588,ANEST IWATA KIWAMI4-13BA4 1.3mm Successor Model W-400-134G Select no / with Cup,eBay Motors,29848.337,29848.337,0,0,0
589,ANEST IWATA KIWAMI4-13BA4 1.3mm without Cup successor model W-400-134G Bellaria,eBay Motors,22215.537,22215.537,1110,19,5
590,Devilbiss Digital DV1 Basecoat Spray Gun 1.2 1.3 1.4 Tips 704504 2022/Warranty! ,eBay Motors,83565.53,83565.53,393,36,5
591,ANEST IWATA KIWAMI4-13BA4 1.3mm Successor Model W-400-134G Select no / with Cup,eBay Motors,29848.337,29848.337,0,0,0
592,ANEST IWATA KIWAMI4-13BA4 1.3mm without Cup successor model W-400-134G Bellaria,eBay Motors,22215.537,22215.537,1110,19,5
593,Devilbiss Digital DV1 Basecoat Spray Gun 1.2 1.3 1.4 Tips 704504 2022/Warranty! ,eBay Motors,83565.53,83565.53,393,36,5
594,Spectrum Professional HVLP Spray Gun BRAND NEW!!!,eBay Motors,9539.637,9539.637,0,0,5
595,"Ingersoll Rand Air Inlet Kit For IR Models 2131, 2135Ti, 2112, Part # 2135-K303",eBay Motors,1840.05,1840.05,1626,0,0
596,"SNAP ON IM5100,PH2045,PH2050,FAR720,FAR750,FAR7200,SIOUX 4035 TRIGGER VALVE KIT",eBay Motors,2453.4,2453.4,1903,0,0
597,GTI PRO LITE Yellow Car Paint Tool Pistol Spray Gun TE20 1.3mm NEW DEBBIEsHI,eBay Motors,10893.096,10893.096,78,0,0
,,,,,,,
,,,,,,,
,,,,,,,
,,,,,,,
,,,,,,,
,,,,,,,
,,,,,,,
,,,,,,,
,,,,,,,
,,,,,,,
,,,,,,,
,,,,,,,
,,,,,,,
,,,,,,,
,,,,,,,
,,,,,,,
,,,,,,,
,,,,,,,
,,,,,,,
,,,,,,,
,,,,,,,
,,,,,,,
,,,,,,,
,,,,,,,
,,,,,,,
,,,,,,,
,,,,,,,
,,,,,,,
,,,,,,,
,,,,,,,
,,,,,,,
,,,,,,,
,,,,,,,
,,,,,,,
,,,,,,,
,,,,,,,
,,,,,,,
,,,,,,,
,,,,,,,
,,,,,,,
,,,,,,,
,,,,,,,
,,,,,,,
,,,,,,,
,,,,,,,
,,,,,,,
,,,,,,,
,,,,,,,
,,,,,,,
,,,,,,,
,,,,,,,
,,,,,,,
,,,,,,,
,,,,,,,
,,,,,,,
,,,,,,,
,,,,,,,
,,,,,,,
,,,,,,,
,,,,,,,
,,,,,,,
,,,,,,,
,,,,,,,
,,,,,,,
,,,,,,,
,,,,,,,
,,,,,,,
,,,,,,,
,,,,,,,
,,,,,,,
,,,,,,,
,,,,,,,
,,,,,,,
,,,,,,,
,,,,,,,
,,,,,,,
,,,,,,,
,,,,,,,
,,,,,,,
,,,,,,,
,,,,,,,
,,,,,,,
,,,,,,,
,,,,,,,
,,,,,,,
,,,,,,,
,,,,,,,
,,,,,,,
,,,,,,,
,,,,,,,
,,,,,,,
,,,,,,,
,,,,,,,
,,,,,,,
,,,,,,,
,,,,,,,
,,,,,,,
,,,,,,,
,,,,,,,
,,,,,,,
,,,,,,,
,,,,,,,
,,,,,,,
,,,,,,,
,,,,,,,
,,,,,,,
,,,,,,,
,,,,,,,
,,,,,,,
,,,,,,,
,,,,,,,
,,,,,,,
,,,,,,,
,,,,,,,
,,,,,,,
,,,,,,,
,,,,,,,
,,,,,,,
,,,,,,,
,,,,,,,
,,,,,,,
,,,,,,,
,,,,,,,
,,,,,,,
,,,,,,,
,,,,,,,
,,,,,,,
,,,,,,,
,,,,,,,
,,,,,,,
,,,,,,,
,,,,,,,
,,,,,,,
,,,,,,,
,,,,,,,
,,,,,,,
,,,,,,,
,,,,,,,
,,,,,,,
,,,,,,,
,,,,,,,
,,,,,,,
,,,,,,,
,,,,,,,
,,,,,,,
,,,,,,,
,,,,,,,
,,,,,,,
,,,,,,,
,,,,,,,
,,,,,,,
,,,,,,,
,,,,,,,
,,,,,,,
,,,,,,,
,,,,,,,
,,,,,,,
,,,,,,,
,,,,,,,
,,,,,,,
,,,,,,,
,,,,,,,
,,,,,,,
,,,,,,,
,,,,,,,
,,,,,,,
,,,,,,,
,,,,,,,
,,,,,,,
,,,,,,,
,,,,,,,
,,,,,,,
,,,,,,,
,,,,,,,
,,,,,,,
,,,,,,,
,,,,,,,
,,,,,,,
,,,,,,,
,,,,,,,
,,,,,,,
,,,,,,,
,,,,,,,
,,,,,,,
,,,,,,,
,,,,,,,
,,,,,,,
,,,,,,,
,,,,,,,
,,,,,,,
,,,,,,,
,,,,,,,
,,,,,,,
,,,,,,,
,,,,,,,
,,,,,,,
,,,,,,,
,,,,,,,
,,,,,,,
,,,,,,,
,,,,,,,
,,,,,,,
,,,,,,,
,,,,,,,
,,,,,,,
,,,,,,,
,,,,,,,
,,,,,,,
,,,,,,,
,,,,,,,
,,,,,,,
,,,,,,,
,,,,,,,
,,,,,,,
,,,,,,,
,,,,,,,
,,,,,,,
,,,,,,,
,,,,,,,
,,,,,,,
,,,,,,,
,,,,,,,
,,,,,,,
,,,,,,,
,,,,,,,
,,,,,,,
,,,,,,,
,,,,,,,
,,,,,,,
,,,,,,,
,,,,,,,
,,,,,,,
,,,,,,,
,,,,,,,
,,,,,,,
,,,,,,,
,,,,,,,
,,,,,,,
,,,,,,,
,,,,,,,
,,,,,,,
,,,,,,,
,,,,,,,
,,,,,,,
,,,,,,,
,,,,,,,
,,,,,,,
,,,,,,,
,,,,,,,
,,,,,,,
,,,,,,,
,,,,,,,
,,,,,,,
,,,,,,,
,,,,,,,
,,,,,,,
,,,,,,,
,,,,,,,
,,,,,,,
,,,,,,,
,,,,,,,
,,,,,,,
,,,,,,,
,,,,,,,
,,,,,,,
,,,,,,,
,,,,,,,
,,,,,,,
,,,,,,,
,,,,,,,
,,,,,,,
,,,,,,,
,,,,,,,
,,,,,,,
,,,,,,,
,,,,,,,
,,,,,,,
,,,,,,,
,,,,,,,
,,,,,,,
,,,,,,,
,,,,,,,
,,,,,,,
,,,,,,,
,,,,,,,
,,,,,,,
,,,,,,,
,,,,,,,
,,,,,,,
,,,,,,,
,,,,,,,
,,,,,,,
,,,,,,,
,,,,,,,
,,,,,,,
,,,,,,,
,,,,,,,
,,,,,,,
,,,,,,,
,,,,,,,
,,,,,,,
,,,,,,,
,,,,,,,
,,,,,,,
,,,,,,,
,,,,,,,
,,,,,,,
,,,,,,,
,,,,,,,
,,,,,,,
,,,,,,,
,,,,,,,
,,,,,,,
,,,,,,,
,,,,,,,
,,,,,,,
,,,,,,,
,,,,,,,
,,,,,,,
,,,,,,,
,,,,,,,
,,,,,,,
,,,,,,,
,,,,,,,
,,,,,,,
,,,,,,,
,,,,,,,
